gamecode,jornada,date,live,player_id,is_starter,is_playing,team,dorsal,player,jugador,minutes,points,field_goals_made2,field_goals_attempted2,field_goals_made3,field_goals_attempted3,free_throws_made,free_throws_attempted,offensive_rebounds,defensive_rebounds,total_rebounds,assistances,steals,turnovers,blocks_favour,blocks_against,fouls_commited,fouls_received,valuation,plusminus,team_name,opp_team_name
12,1,2026-09-29 16:00:00,TRUE,P008260,0,1,KLA,0,"DRELL, HENRI",Henri Drell,20:14,9,3,4,1,4,0,0,0,1,1,0,0,2,1,0,2,1,4,-13,NEPTUNAS KLAIPEDA,DOLOMITI ENERGIA TRENTO
12,1,2026-09-29 16:00:00,TRUE,P005860,1,1,KLA,1,"TAROLIS, DONATAS",Donatas Tarolis,22:19,12,3,6,1,3,3,5,4,2,6,1,0,0,0,0,2,9,19,3,NEPTUNAS KLAIPEDA,DOLOMITI ENERGIA TRENTO
12,1,2026-09-29 16:00:00,TRUE,P007830,1,1,KLA,5,"FRANKE, YANNICK",Yannick Franke,17:45,11,2,5,1,3,4,4,2,3,5,3,0,3,0,0,2,3,12,2,NEPTUNAS KLAIPEDA,DOLOMITI ENERGIA TRENTO
12,1,2026-09-29 16:00:00,TRUE,P014906,0,0,KLA,7,"SARAKAUSKAS, SIMAS",Simas Sarakauskas,02:35,0,0,0,0,0,0,0,0,0,0,0,0,2,0,0,0,0,-2,-4,NEPTUNAS KLAIPEDA,DOLOMITI ENERGIA TRENTO
12,1,2026-09-29 16:00:00,TRUE,P005024,0,0,KLA,8,"GIRDZIUNAS, MINDAUGAS",Mindaugas Girdziunas,18:51,9,0,2,3,5,0,0,0,2,2,0,1,1,0,0,1,0,6,0,NEPTUNAS KLAIPEDA,DOLOMITI ENERGIA TRENTO
12,1,2026-09-29 16:00:00,TRUE,P014907,0,1,KLA,10,"FRIDRIKSSON, ELVAR",Elvar Fridriksson,11:52,5,1,2,1,3,0,0,0,0,0,2,0,0,0,0,2,1,3,-6,NEPTUNAS KLAIPEDA,DOLOMITI ENERGIA TRENTO
12,1,2026-09-29 16:00:00,TRUE,P005516,1,0,KLA,13,"ZEMAITIS, KRISTUPAS",Kristupas Zemaitis,22:57,3,1,3,0,4,1,2,2,5,7,9,0,1,0,0,3,1,9,14,NEPTUNAS KLAIPEDA,DOLOMITI ENERGIA TRENTO
12,1,2026-09-29 16:00:00,TRUE,P005522,1,1,KLA,14,"ECHODAS, MARTYNAS",Martynas Echodas,22:15,6,2,8,0,0,2,2,3,8,11,1,0,3,1,1,3,3,9,4,NEPTUNAS KLAIPEDA,DOLOMITI ENERGIA TRENTO
12,1,2026-09-29 16:00:00,TRUE,P014908,0,0,KLA,17,"SOMERVILLE, RAYMOND",Raymond Somerville,02:55,0,0,1,0,0,0,0,1,0,1,0,0,1,1,1,1,0,-2,-9,NEPTUNAS KLAIPEDA,DOLOMITI ENERGIA TRENTO
12,1,2026-09-29 16:00:00,TRUE,P006154,1,0,KLA,21,"BERUCKA, ARNAS",Arnas Berucka,16:46,8,1,3,1,2,3,4,1,2,3,0,1,1,0,0,3,2,6,16,NEPTUNAS KLAIPEDA,DOLOMITI ENERGIA TRENTO
12,1,2026-09-29 16:00:00,TRUE,P006856,0,0,KLA,37,"TUBUTIS, EINARAS",Einaras Tubutis,16:25,8,2,2,1,4,1,2,0,5,5,0,1,1,1,0,1,2,11,0,NEPTUNAS KLAIPEDA,DOLOMITI ENERGIA TRENTO
12,1,2026-09-29 16:00:00,TRUE,P009321,0,0,KLA,88,"KREISMONTAS, LUKAS",Lukas Kreismontas,10:06,0,0,0,0,0,0,0,1,1,2,1,0,1,0,0,1,0,1,8,NEPTUNAS KLAIPEDA,DOLOMITI ENERGIA TRENTO
12,1,2026-09-29 16:00:00,TRUE,P014853,1,1,TRN,0,"BROWN II, DARIUS",Darius Brown II,24:17,16,6,7,0,2,4,4,0,4,4,4,4,2,0,0,3,7,27,-4,DOLOMITI ENERGIA TRENTO,NEPTUNAS KLAIPEDA
12,1,2026-09-29 16:00:00,TRUE,P014854,1,0,TRN,4,"BROWN JR, CHARLIE",Charlie Brown Jr,15:13,0,0,3,0,3,0,0,1,1,2,1,0,1,0,0,4,0,-8,-4,DOLOMITI ENERGIA TRENTO,NEPTUNAS KLAIPEDA
12,1,2026-09-29 16:00:00,TRUE,P010597,0,0,TRN,5,"BERTINI, ALESSANDRO",Alessandro Bertini,16:16,5,1,1,1,2,0,0,0,1,1,0,0,0,0,0,1,1,5,1,DOLOMITI ENERGIA TRENTO,NEPTUNAS KLAIPEDA
12,1,2026-09-29 16:00:00,TRUE,P013756,0,1,TRN,7,"NIANG, CHEICKH",Cheickh Niang,16:28,13,3,3,2,2,1,1,0,1,1,1,1,0,0,0,2,2,16,-7,DOLOMITI ENERGIA TRENTO,NEPTUNAS KLAIPEDA
12,1,2026-09-29 16:00:00,TRUE,P014855,1,1,TRN,8,"OLIVARI, QUINCY",Quincy Olivari,25:58,18,6,14,1,7,3,5,0,3,3,4,1,2,0,3,0,4,9,-5,DOLOMITI ENERGIA TRENTO,NEPTUNAS KLAIPEDA
12,1,2026-09-29 16:00:00,TRUE,P006382,0,0,TRN,10,"FORRAY, TOTO",Toto Forray,07:26,0,0,0,0,0,0,0,0,0,0,0,0,0,0,0,3,0,-3,4,DOLOMITI ENERGIA TRENTO,NEPTUNAS KLAIPEDA
12,1,2026-09-29 16:00:00,TRUE,P013271,1,1,TRN,21,"MAWUGBE, SELOM",Selom Mawugbe,25:21,3,1,3,0,0,1,4,3,4,7,4,2,1,1,0,3,4,12,-5,DOLOMITI ENERGIA TRENTO,NEPTUNAS KLAIPEDA
12,1,2026-09-29 16:00:00,TRUE,P014857,0,0,TRN,24,"BIGELOW, ISAIAH",Isaiah Bigelow,22:15,5,1,4,1,6,0,0,2,3,5,1,1,1,0,0,2,2,3,-8,DOLOMITI ENERGIA TRENTO,NEPTUNAS KLAIPEDA
12,1,2026-09-29 16:00:00,TRUE,P006724,1,1,TRN,26,"BAYEHE, JORDAN",Jordan Bayehe,24:40,8,3,6,0,2,2,2,2,3,5,1,1,1,1,1,3,1,7,9,DOLOMITI ENERGIA TRENTO,NEPTUNAS KLAIPEDA
12,1,2026-09-29 16:00:00,TRUE,P013862,0,0,TRN,30,"MEDINA BOUZA, JOSE",Jose Medina Bouza,07:06,0,0,2,0,1,0,0,1,0,1,0,0,1,0,0,1,0,-4,4,DOLOMITI ENERGIA TRENTO,NEPTUNAS KLAIPEDA
11,1,2026-09-29 17:00:00,TRUE,P006693,1,0,BUR,3,"SAYBIR, YIGITCAN",Yigitcan Saybir,06:50,3,1,1,0,0,1,2,0,1,1,1,0,1,0,0,3,1,1,6,TOFAS BURSA,NINERS CHEMNITZ
11,1,2026-09-29 17:00:00,TRUE,P014940,0,1,BUR,5,"CARTER II, TERRELL",Terrell Carter II,07:46,0,0,1,0,0,0,0,0,2,2,0,1,2,1,1,0,2,2,11,TOFAS BURSA,NINERS CHEMNITZ
11,1,2026-09-29 17:00:00,TRUE,P014941,0,1,BUR,6,"KABACA, SADIK",Sadik Kabaca,08:04,0,0,0,0,2,0,0,0,1,1,2,0,0,0,0,1,0,0,5,TOFAS BURSA,NINERS CHEMNITZ
11,1,2026-09-29 17:00:00,TRUE,P014942,1,0,BUR,8,"MCNEACE, JAMUNI",Jamuni Mcneace,09:14,6,2,5,0,0,2,2,1,6,7,0,0,0,0,0,1,1,10,4,TOFAS BURSA,NINERS CHEMNITZ
11,1,2026-09-29 17:00:00,TRUE,P015111,0,1,BUR,10,"NUTALL, ZACH",Zach Nutall,09:40,6,1,2,0,0,4,6,0,0,0,1,0,0,0,0,1,3,6,12,TOFAS BURSA,NINERS CHEMNITZ
11,1,2026-09-29 17:00:00,TRUE,P012577,1,1,BUR,15,"THURMAN, TRE'SHAWN",Tre'Shawn Thurman,08:10,0,0,0,0,1,0,0,0,1,1,1,0,1,1,0,0,0,1,10,TOFAS BURSA,NINERS CHEMNITZ
11,1,2026-09-29 17:00:00,TRUE,P014943,1,0,BUR,22,"POSTEL, EFE",Efe Postel,04:14,2,1,2,0,0,0,0,0,0,0,1,1,1,0,0,0,0,2,1,TOFAS BURSA,NINERS CHEMNITZ
11,1,2026-09-29 17:00:00,TRUE,P014944,0,0,BUR,24,"SERBEST, EMIRHAN",Emirhan Serbest,DNP,0,0,0,0,0,0,0,0,0,0,0,0,0,0,0,0,0,0,0,TOFAS BURSA,NINERS CHEMNITZ
11,1,2026-09-29 17:00:00,TRUE,P012621,0,0,BUR,32,"JONES, BRYCE",Bryce Jones,09:45,11,2,4,1,1,4,4,2,2,4,1,5,0,0,0,0,2,21,10,TOFAS BURSA,NINERS CHEMNITZ
11,1,2026-09-29 17:00:00,TRUE,P014097,1,1,BUR,33,"REYNOLDS JR, SHAVAR",Shavar Reynolds Jr,10:21,4,1,2,0,1,2,2,1,1,2,0,1,2,0,0,2,2,3,6,TOFAS BURSA,NINERS CHEMNITZ
11,1,2026-09-29 17:00:00,TRUE,P014945,0,0,BUR,44,"BROWN, GABRIEL",Gabriel Brown,08:50,5,1,4,1,2,0,0,1,1,2,0,0,0,0,0,2,0,1,6,TOFAS BURSA,NINERS CHEMNITZ
11,1,2026-09-29 17:00:00,TRUE,P007666,0,0,BUR,55,"APAYDIN, LEON",Leon Apaydin,02:06,3,0,0,1,1,0,0,0,0,0,0,0,0,0,0,0,0,3,4,TOFAS BURSA,NINERS CHEMNITZ
11,1,2026-09-29 17:00:00,TRUE,P014928,1,0,NIN,1,"FLEMING JR, PHLANDROUS",Phlandrous Fleming Jr,11:05,5,0,2,1,2,2,4,0,1,1,0,2,3,0,0,2,3,1,-14,NINERS CHEMNITZ,TOFAS BURSA
11,1,2026-09-29 17:00:00,TRUE,P014929,1,1,NIN,2,"SMITH, STEFAN",Stefan Smith,12:25,2,1,1,0,2,0,0,0,0,0,3,0,0,0,0,1,1,3,-8,NINERS CHEMNITZ,TOFAS BURSA
11,1,2026-09-29 17:00:00,TRUE,P010074,0,0,NIN,9,"RICHARDSON, ALEXANDER",Alexander Richardson,DNP,0,0,0,0,0,0,0,0,0,0,0,0,0,0,0,0,0,0,0,NINERS CHEMNITZ,TOFAS BURSA
11,1,2026-09-29 17:00:00,TRUE,P008216,0,0,NIN,11,"ROEDL, ELIAS",Elias Roedl,DNP,0,0,0,0,0,0,0,0,0,0,0,0,0,0,0,0,0,0,0,NINERS CHEMNITZ,TOFAS BURSA
11,1,2026-09-29 17:00:00,TRUE,P011811,0,1,NIN,17,"ATKINS, DARION",Darion Atkins,08:04,0,0,1,0,1,0,0,0,1,1,1,0,1,0,0,1,0,-2,-5,NINERS CHEMNITZ,TOFAS BURSA
11,1,2026-09-29 17:00:00,TRUE,P014930,0,0,NIN,20,"KING, URALD",Urald King,10:30,3,1,2,0,3,1,1,0,2,2,0,0,0,0,1,0,1,1,-10,NINERS CHEMNITZ,TOFAS BURSA
11,1,2026-09-29 17:00:00,TRUE,P006872,1,1,NIN,21,"SERIC, MATEO",Mateo Seric,06:30,2,0,1,0,1,2,2,0,1,1,0,0,0,0,0,1,1,1,-5,NINERS CHEMNITZ,TOFAS BURSA
11,1,2026-09-29 17:00:00,TRUE,P014185,1,0,NIN,22,"CEASER, NIGHAEL",Nighael Ceaser,10:53,5,2,2,0,0,1,2,1,0,1,0,0,0,0,0,2,1,4,-11,NINERS CHEMNITZ,TOFAS BURSA
11,1,2026-09-29 17:00:00,TRUE,P014931,0,1,NIN,24,"WILLIAMS, COBE",Cobe Williams,10:30,3,0,2,0,2,3,3,0,2,2,2,1,3,0,0,2,3,2,-8,NINERS CHEMNITZ,TOFAS BURSA
11,1,2026-09-29 17:00:00,TRUE,P014932,1,1,NIN,25,"BURNHAM, BEN",Ben Burnham,10:28,4,2,4,0,1,0,0,2,2,4,1,0,0,1,1,1,0,5,-7,NINERS CHEMNITZ,TOFAS BURSA
11,1,2026-09-29 17:00:00,TRUE,P014933,0,0,NIN,90,"VON SECKENDORFF, JANNIS",Jannis Von Seckendorff,04:35,2,1,1,0,0,0,0,2,1,3,0,0,2,0,0,1,0,2,-7,NINERS CHEMNITZ,TOFAS BURSA
2,1,2026-09-29 17:00:00,TRUE,P012714,0,0,JER,0,"CACOK, DEVONTAE",Devontae Cacok,07:52,3,1,4,0,0,1,2,3,1,4,2,1,0,0,0,0,1,7,3,HAPOEL MIDTOWN JERUSALEM,ROSTOCK SEAWOLVES
2,1,2026-09-29 17:00:00,TRUE,P014903,1,1,JER,2,"LOFTON JR, KENNY",Kenny Lofton Jr,10:57,8,1,4,1,3,3,3,3,3,6,2,0,1,0,0,0,4,14,3,HAPOEL MIDTOWN JERUSALEM,ROSTOCK SEAWOLVES
2,1,2026-09-29 17:00:00,TRUE,P011192,1,0,JER,3,"SMITH, JALEEN",Jaleen Smith,14:48,16,2,4,3,3,3,4,0,3,3,4,0,1,0,0,2,2,19,10,HAPOEL MIDTOWN JERUSALEM,ROSTOCK SEAWOLVES
2,1,2026-09-29 17:00:00,TRUE,P015144,0,0,JER,8,"HANOCHI, YOTAM",Yotam Hanochi,DNP,0,0,0,0,0,0,0,0,0,0,0,0,0,0,0,0,0,0,0,HAPOEL MIDTOWN JERUSALEM,ROSTOCK SEAWOLVES
2,1,2026-09-29 17:00:00,TRUE,P014007,0,1,JER,9,"MILTON, SHAKE",Shake Milton,10:59,10,2,5,1,1,3,3,0,1,1,0,0,0,1,0,0,3,12,1,HAPOEL MIDTOWN JERUSALEM,ROSTOCK SEAWOLVES
2,1,2026-09-29 17:00:00,TRUE,P009896,1,0,JER,11,"MILETIC, DUSAN",Dusan Miletic,05:10,3,1,2,0,0,1,2,0,1,1,0,0,0,0,0,2,2,2,7,HAPOEL MIDTOWN JERUSALEM,ROSTOCK SEAWOLVES
2,1,2026-09-29 17:00:00,TRUE,P013904,0,0,JER,13,"HUBER, ROI",Roi Huber,03:25,0,0,0,0,0,0,0,0,0,0,0,0,1,0,0,0,0,-1,-1,HAPOEL MIDTOWN JERUSALEM,ROSTOCK SEAWOLVES
2,1,2026-09-29 17:00:00,TRUE,P007768,0,0,JER,15,"LEVI, NIMROD",Nimrod Levi,08:58,0,0,1,0,1,0,0,1,2,3,0,0,0,0,0,3,0,-2,7,HAPOEL MIDTOWN JERUSALEM,ROSTOCK SEAWOLVES
2,1,2026-09-29 17:00:00,TRUE,P014904,1,1,JER,21,"RODDY, DAVID",David Roddy,10:57,4,1,1,0,1,2,2,0,1,1,0,2,0,0,0,2,2,6,3,HAPOEL MIDTOWN JERUSALEM,ROSTOCK SEAWOLVES
2,1,2026-09-29 17:00:00,TRUE,P013279,0,0,JER,33,"CHACHASHVILI, GABRIEL",Gabriel Chachashvili,DNP,0,0,0,0,0,0,0,0,0,0,0,0,0,0,0,0,0,0,0,HAPOEL MIDTOWN JERUSALEM,ROSTOCK SEAWOLVES
2,1,2026-09-29 17:00:00,TRUE,P014874,1,1,JER,35,"BURG, ETHAN",Ethan Burg,06:48,0,0,1,0,1,0,0,1,1,2,1,0,0,0,0,1,1,1,4,HAPOEL MIDTOWN JERUSALEM,ROSTOCK SEAWOLVES
2,1,2026-09-29 17:00:00,TRUE,P006625,0,1,JER,50,"ZOOSMAN, YOVEL",Yovel Zoosman,10:06,0,0,1,0,0,0,0,0,0,0,0,1,1,0,0,0,1,0,-2,HAPOEL MIDTOWN JERUSALEM,ROSTOCK SEAWOLVES
2,1,2026-09-29 17:00:00,TRUE,P014892,1,1,RTK,0,"CROCKETT JR, TJ",Tj Crockett Jr,12:35,22,1,3,6,8,2,2,0,0,0,0,0,2,0,0,1,1,16,2,ROSTOCK SEAWOLVES,HAPOEL MIDTOWN JERUSALEM
2,1,2026-09-29 17:00:00,TRUE,P014893,1,1,RTK,2,"COPELAND, ZACH",Zach Copeland,08:31,10,2,3,2,4,0,0,0,3,3,0,0,3,0,0,2,3,8,-10,ROSTOCK SEAWOLVES,HAPOEL MIDTOWN JERUSALEM
2,1,2026-09-29 17:00:00,TRUE,P004811,1,0,RTK,3,"LOCKHART, DOMINIC",Dominic Lockhart,09:55,0,0,0,0,0,0,0,0,1,1,1,1,0,0,0,2,0,1,-12,ROSTOCK SEAWOLVES,HAPOEL MIDTOWN JERUSALEM
2,1,2026-09-29 17:00:00,TRUE,P008256,0,0,RTK,4,"BAGGETTE, ELIAS",Elias Baggette,04:59,0,0,2,0,1,0,0,0,0,0,1,0,0,0,1,1,0,-4,2,ROSTOCK SEAWOLVES,HAPOEL MIDTOWN JERUSALEM
2,1,2026-09-29 17:00:00,TRUE,P014895,0,0,RTK,7,"HARTWICH, PHILIPP",Philipp Hartwich,DNP,0,0,0,0,0,0,0,0,0,0,0,0,0,0,0,0,0,0,0,ROSTOCK SEAWOLVES,HAPOEL MIDTOWN JERUSALEM
2,1,2026-09-29 17:00:00,TRUE,P009758,0,0,RTK,9,"LANSDOWNE, DEANDRE",Deandre Lansdowne,08:22,0,0,2,0,2,0,0,0,1,1,2,0,0,0,0,3,0,-4,0,ROSTOCK SEAWOLVES,HAPOEL MIDTOWN JERUSALEM
2,1,2026-09-29 17:00:00,TRUE,P013503,0,1,RTK,22,"STOVE, JOHNATHAN",Johnathan Stove,09:38,0,0,1,0,2,0,0,0,0,0,0,0,0,0,0,0,0,-3,-3,ROSTOCK SEAWOLVES,HAPOEL MIDTOWN JERUSALEM
2,1,2026-09-29 17:00:00,TRUE,P007478,1,1,RTK,29,"KLASSEN, OWEN",Owen Klassen,06:16,0,0,0,0,0,0,0,1,2,3,0,0,0,0,0,2,1,2,2,ROSTOCK SEAWOLVES,HAPOEL MIDTOWN JERUSALEM
2,1,2026-09-29 17:00:00,TRUE,P014897,0,0,RTK,31,"TILSEN, MATTHES",Matthes Tilsen,DNP,0,0,0,0,0,0,0,0,0,0,0,0,0,0,0,0,0,0,0,ROSTOCK SEAWOLVES,HAPOEL MIDTOWN JERUSALEM
2,1,2026-09-29 17:00:00,TRUE,P014898,0,0,RTK,33,"WITHERS, TODD",Todd Withers,08:10,2,0,0,0,1,2,3,0,1,1,1,0,1,0,0,2,2,1,-1,ROSTOCK SEAWOLVES,HAPOEL MIDTOWN JERUSALEM
2,1,2026-09-29 17:00:00,TRUE,P014899,1,1,RTK,34,"KONONTSUK, ARTUR",Artur Konontsuk,09:50,2,1,4,0,1,0,0,1,1,2,0,0,0,0,0,1,1,0,-6,ROSTOCK SEAWOLVES,HAPOEL MIDTOWN JERUSALEM
2,1,2026-09-29 17:00:00,TRUE,P009197,0,0,RTK,51,"LEUCHTEN, BENT",Bent Leuchten,11:44,1,0,1,0,0,1,2,1,3,4,0,1,0,0,0,2,2,4,-9,ROSTOCK SEAWOLVES,HAPOEL MIDTOWN JERUSALEM
