player_ranking,code,name,age,image_url,team_code,team_tv_codes,team_name,team_image_url,games_played,games_started,two_point_attempts_share,three_point_attempts_share,free_throws_attempts_share,two_pointers_made_share,three_pointers_made_share,free_throws_made_share,two_point_rate,three_point_rate,points_from_two_pointers_percentage,points_from_three_pointers_percentage,points_from_free_throws_percentage
1,012812,Derin Can Ustun,19,https://media-cdn.cortextech.io/1dU3kpCqReRp93/1BSdBWIjCjnOO0/a80e3d4d-77a4-42af-8f1e-8f7a0bb82189.png,LJU,COL,KK Cedevita Olimpija,https://media-cdn.incrowdsports.com/73b33d13-570e-4e49-a9cb-fe806831eaa7.png,2,0,0%,2%,0%,0%,0%,0%,0%,100%,0%,0%,0%
1,014874,Ethan Burg,24,https://media-cdn.cortextech.io/1dU3kpCqReRp93/1BSdBWIjCjnOS5/d15be71a-7fff-4d35-8cb6-b73d7bdd78fa.png,JER,JLM,Hapoel  Midtown Jerusalem,https://media-cdn.cortextech.io/1dU3kpCqReRp93/1BSdBWIjCiezvp/6d6e8da8-550f-4d1f-8a06-4611227e0c31.png,2,2,3.3%,16.1%,0%,2.3%,0%,0%,37.5%,62.5%,100%,0%,0%
3,015207,Osayi Osifo,26,https://media-cdn.cortextech.io/1dU3kpCqReRp93/1BSdBWIjCjnOO0/b05cb8af-922c-4fdc-8ecc-44b3a0a94603.png,LJU,COL,KK Cedevita Olimpija,https://media-cdn.incrowdsports.com/73b33d13-570e-4e49-a9cb-fe806831eaa7.png,2,0,8.8%,0%,0%,5.1%,0%,0%,100%,0%,100%,0%,0%
3,008031,Federico Bonacini,27,https://media-cdn.cortextech.io/1dU3kpCqReRp93/1BSdBWIjCjnOS8/6de69367-6582-4aec-b356-bcb8017db760.png,MRO,RMA,MAXIMA ROMA,https://media-cdn.cortextech.io/1dU3kpCqReRp93/1BSdBWIjChWbHH/f1547a87-c0bf-41ab-bf7e-a0001649430d.png,2,0,1.4%,0%,0%,0%,0%,0%,100%,0%,0%,0%,0%
5,008004,Kaleb Tarczewski,33,https://media-cdn.cortextech.io/1dU3kpCqReRp93/1BSdBWIjCjnOW8/4c100ffa-13e0-4bfe-9c81-e6dda3e5d8e8.png,NAP,NAP,Napoli Basketball,https://media-cdn.cortextech.io/1dU3kpCqReRp93/1BSdBWIjCgOCpC/c2de1d20-72f4-4453-95de-b4534db6d57f.png,2,2,2.9%,0%,4.3%,4.9%,0%,3.8%,100%,0%,80%,0%,20%
5,009392,Rok Radovic,25,https://media-cdn.cortextech.io/1dU3kpCqReRp93/1BSdBWIjCjnOO0/580614f2-8770-420d-88e9-74da50969a9e.png,LJU,COL,KK Cedevita Olimpija,https://media-cdn.incrowdsports.com/73b33d13-570e-4e49-a9cb-fe806831eaa7.png,2,0,1.2%,6%,0%,0%,8.3%,0%,25%,75%,0%,100%,0%
5,007768,Nimrod Levi,31,https://media-cdn.cortextech.io/1dU3kpCqReRp93/1BSdBWIjCjnOS5/98f25115-5478-44cc-9ffb-a2baf12a0cef.png,JER,JLM,Hapoel  Midtown Jerusalem,https://media-cdn.cortextech.io/1dU3kpCqReRp93/1BSdBWIjCiezvp/6d6e8da8-550f-4d1f-8a06-4611227e0c31.png,2,0,2.2%,6.5%,0%,2.3%,7.7%,0%,50%,50%,40%,60%,0%
8,006251,Tim Schneider,29,https://media-cdn.cortextech.io/1dU3kpCqReRp93/1BSdBWIjCjnOS4/7efb52b0-c715-4bb7-80f8-7d2513c2386d.png,TTK,TTA,Turk Telekom Ankara,https://media-cdn.incrowdsports.com/4ba35608-54ca-4800-a59c-f2571e6f8e13.png,2,1,3.8%,8.3%,12%,2.6%,11.8%,2.6%,42.9%,57.1%,22.2%,66.7%,11.1%
8,014850,Jayce Johnson,29,https://media-cdn.cortextech.io/1dU3kpCqReRp93/1BSdBWIjCjnOO0/c0e63727-e72f-4c33-8982-ec092fefaa32.png,LJU,COL,KK Cedevita Olimpija,https://media-cdn.incrowdsports.com/73b33d13-570e-4e49-a9cb-fe806831eaa7.png,2,2,3.8%,0%,9.3%,2.6%,0%,3.2%,100%,0%,66.7%,0%,33.3%
10,015056,Leonardo Faggian,22,https://media-cdn.cortextech.io/1dU3kpCqReRp93/1BSdBWIjCjnOW8/5982a4d5-728e-45ed-9057-0b72c95a8453.png,NAP,NAP,Napoli Basketball,https://media-cdn.cortextech.io/1dU3kpCqReRp93/1BSdBWIjCgOCpC/c2de1d20-72f4-4453-95de-b4534db6d57f.png,2,1,5.7%,6%,2.2%,2.4%,8.7%,0%,57.1%,42.9%,25%,75%,0%
10,008108,Gora Camara,25,https://media-cdn.cortextech.io/1dU3kpCqReRp93/1BSdBWIjCjnOS8/562ccb65-fd6b-4f75-8f4d-540166c57da8.png,MRO,RMA,MAXIMA ROMA,https://media-cdn.cortextech.io/1dU3kpCqReRp93/1BSdBWIjChWbHH/f1547a87-c0bf-41ab-bf7e-a0001649430d.png,2,0,5.7%,0%,20.5%,6.1%,0%,7.1%,100%,0%,66.7%,0%,33.3%
12,013063,Cameron Houindo,18,https://media-cdn.cortextech.io/1dU3kpCqReRp93/1BSdBWIjCjnOO0/984c0588-299c-4ef1-b6cb-efd1135e194f.png,LJU,COL,KK Cedevita Olimpija,https://media-cdn.incrowdsports.com/73b33d13-570e-4e49-a9cb-fe806831eaa7.png,2,0,3.8%,0%,0%,7.7%,0%,0%,100%,0%,100%,0%,0%
12,003452,Jaka Blazic,36,https://media-cdn.cortextech.io/1dU3kpCqReRp93/1BSdBWIjCjnOO0/b2048c88-cc8e-4d91-af7b-691157f153cd.png,LJU,COL,KK Cedevita Olimpija,https://media-cdn.incrowdsports.com/73b33d13-570e-4e49-a9cb-fe806831eaa7.png,2,1,3.8%,10%,9.3%,0%,8.3%,6.5%,37.5%,62.5%,0%,60%,40%
12,015011,Mirza Alibegovic,34,https://media-cdn.cortextech.io/1dU3kpCqReRp93/1BSdBWIjCjnOS8/ae153e6b-405d-4caf-998a-e7da23597ad0.png,MRO,RMA,MAXIMA ROMA,https://media-cdn.cortextech.io/1dU3kpCqReRp93/1BSdBWIjChWbHH/f1547a87-c0bf-41ab-bf7e-a0001649430d.png,2,0,4.3%,23.6%,5.1%,0%,25%,7.1%,18.8%,81.2%,0%,90%,10%
15,010307,Dordije Jovanovic,23,https://media-cdn.cortextech.io/1dU3kpCqReRp93/1BSdBWIjCjnOS5/882cd7d2-ee5d-42b6-a5ed-4368f16b8e73.png,BUD,BUD,KK Buducnost,https://media-cdn.incrowdsports.com/47161285-94b3-4266-9d23-b722e8600945.png,2,2,1.2%,12.5%,0%,2.3%,11.8%,0%,14.3%,85.7%,25%,75%,0%
15,003840,Axel Bouteille,31,https://media-cdn.cortextech.io/1dU3kpCqReRp93/1BSdBWIjCjnOS5/26c283dd-f277-4607-af5b-9713f02355cb.png,BUD,BUD,KK Buducnost,https://media-cdn.incrowdsports.com/47161285-94b3-4266-9d23-b722e8600945.png,2,0,9.3%,12.5%,4.7%,9.1%,5.9%,5.7%,57.1%,42.9%,61.5%,23.1%,15.4%
17,013276,Justin Smith,27,https://media-cdn.cortextech.io/1dU3kpCqReRp93/1BSdBWIjCjnOS5/e5b102ec-75a8-46b1-9c9b-9e45a7b97d40.png,BUD,BUD,KK Buducnost,https://media-cdn.incrowdsports.com/47161285-94b3-4266-9d23-b722e8600945.png,2,1,18.6%,2.1%,9.3%,15.9%,0%,5.7%,94.1%,5.9%,87.5%,0%,12.5%
17,013923,Ata Kahraman,27,https://media-cdn.cortextech.io/1dU3kpCqReRp93/1BSdBWIjCjnOS4/1131e5e0-4ab7-4ac9-a2b6-160ac910c7ef.png,TTK,TTA,Turk Telekom Ankara,https://media-cdn.incrowdsports.com/4ba35608-54ca-4800-a59c-f2571e6f8e13.png,2,1,2.5%,4.2%,4%,2.6%,5.9%,2.6%,50%,50%,33.3%,50%,16.7%
17,009429,Andrej Jakimovski,25,https://media-cdn.cortextech.io/1dU3kpCqReRp93/1BSdBWIjCjnOW8/386d3d86-c47c-4007-948d-b556a9f3ac09.png,NAP,NAP,Napoli Basketball,https://media-cdn.cortextech.io/1dU3kpCqReRp93/1BSdBWIjCgOCpC/c2de1d20-72f4-4453-95de-b4534db6d57f.png,2,1,12.9%,12%,10.9%,9.8%,4.3%,7.7%,60%,40%,61.5%,23.1%,15.4%
17,010588,John Brown III,34,https://media-cdn.cortextech.io/1dU3kpCqReRp93/1BSdBWIjCjnOS8/531aefd4-89c2-4753-a0e2-d9e1ab553f4c.png,MRO,RMA,MAXIMA ROMA,https://media-cdn.cortextech.io/1dU3kpCqReRp93/1BSdBWIjChWbHH/f1547a87-c0bf-41ab-bf7e-a0001649430d.png,2,0,8.6%,0%,5.1%,3%,0%,3.6%,100%,0%,66.7%,0%,33.3%
21,007853,Shaquielle Mckissic,36,https://media-cdn.cortextech.io/1dU3kpCqReRp93/1BSdBWIjCjnOS4/0ba95474-5768-4e6a-80e3-a27ffb1d6192.png,TTK,TTA,Turk Telekom Ankara,https://media-cdn.incrowdsports.com/4ba35608-54ca-4800-a59c-f2571e6f8e13.png,2,2,6.3%,10.4%,8%,5.1%,11.8%,5.3%,50%,50%,33.3%,50%,16.7%
22,004639,David Skara,31,https://media-cdn.cortextech.io/1dU3kpCqReRp93/1BSdBWIjCjnOO0/05ce3bd5-e964-4b67-9078-c10fe03fe6fa.png,LJU,COL,KK Cedevita Olimpija,https://media-cdn.incrowdsports.com/73b33d13-570e-4e49-a9cb-fe806831eaa7.png,2,0,16.2%,10%,0%,17.9%,0%,0%,72.2%,27.8%,100%,0%,0%
22,006721,Guglielmo Caruso,27,https://media-cdn.cortextech.io/1dU3kpCqReRp93/1BSdBWIjCjnOW8/83c26c68-7fa2-44e0-930f-60de637f44ab.png,NAP,NAP,Napoli Basketball,https://media-cdn.cortextech.io/1dU3kpCqReRp93/1BSdBWIjCgOCpC/c2de1d20-72f4-4453-95de-b4534db6d57f.png,2,0,10%,0%,13%,9.8%,0%,11.5%,100%,0%,72.7%,0%,27.3%
22,007424,Markel Brown,34,https://media-cdn.cortextech.io/1dU3kpCqReRp93/1BSdBWIjCjnOW8/b72dcf54-cc82-4bbd-8adf-654d19ce078c.png,NAP,NAP,Napoli Basketball,https://media-cdn.cortextech.io/1dU3kpCqReRp93/1BSdBWIjCgOCpC/c2de1d20-72f4-4453-95de-b4534db6d57f.png,2,1,1.4%,12%,8.7%,2.4%,13%,7.7%,14.3%,85.7%,15.4%,69.2%,15.4%
25,013247,Oleksandr Kovliar,24,https://media-cdn.cortextech.io/1dU3kpCqReRp93/1BSdBWIjCjnOS5/760505b7-1953-4844-980b-1e380c0dc585.png,BUD,BUD,KK Buducnost,https://media-cdn.incrowdsports.com/47161285-94b3-4266-9d23-b722e8600945.png,2,2,9.3%,12.5%,27.9%,6.8%,11.8%,25.7%,57.1%,42.9%,28.6%,28.6%,42.9%
26,010579,John Petrucelli,34,https://media-cdn.cortextech.io/1dU3kpCqReRp93/1BSdBWIjCjnOW8/33ab6ea8-fe49-4a88-98c5-0758413b131b.png,NAP,NAP,Napoli Basketball,https://media-cdn.cortextech.io/1dU3kpCqReRp93/1BSdBWIjCgOCpC/c2de1d20-72f4-4453-95de-b4534db6d57f.png,2,1,17.1%,8%,13%,12.2%,4.3%,15.4%,75%,25%,58.8%,17.6%,23.5%
26,013920,Noah Kirkwood,27,https://media-cdn.cortextech.io/1dU3kpCqReRp93/1BSdBWIjCjnOO0/81f48ffd-d09e-43aa-b657-9f60b863898a.png,LJU,COL,KK Cedevita Olimpija,https://media-cdn.incrowdsports.com/73b33d13-570e-4e49-a9cb-fe806831eaa7.png,2,2,13.8%,12%,7%,10.3%,33.3%,3.2%,64.7%,35.3%,38.1%,57.1%,4.8%
28,013305,Carl Wheatle,28,https://media-cdn.cortextech.io/1dU3kpCqReRp93/1BSdBWIjCjnOS8/04c00a98-ad28-413e-95c0-8c69027a0130.png,MRO,RMA,MAXIMA ROMA,https://media-cdn.cortextech.io/1dU3kpCqReRp93/1BSdBWIjChWbHH/f1547a87-c0bf-41ab-bf7e-a0001649430d.png,2,1,5.7%,7.3%,10.3%,9.1%,4.2%,7.1%,50%,50%,54.5%,27.3%,18.2%
28,012760,Kris Bankston,27,https://media-cdn.cortextech.io/1dU3kpCqReRp93/1BSdBWIjCjnOS4/18e4c264-1ab0-478e-bf39-678864783eb6.png,TTK,TTA,Turk Telekom Ankara,https://media-cdn.incrowdsports.com/4ba35608-54ca-4800-a59c-f2571e6f8e13.png,2,2,7.6%,0%,4%,15.4%,0%,5.3%,100%,0%,85.7%,0%,14.3%
30,015012,Giovanni Veronesi,28,https://media-cdn.cortextech.io/1dU3kpCqReRp93/1BSdBWIjCjnOS8/0e657946-51d6-4033-bec8-14664bac0df8.png,MRO,RMA,MAXIMA ROMA,https://media-cdn.cortextech.io/1dU3kpCqReRp93/1BSdBWIjChWbHH/f1547a87-c0bf-41ab-bf7e-a0001649430d.png,2,2,5.7%,16.4%,10.3%,6.1%,20.8%,10.7%,30.8%,69.2%,18.2%,68.2%,13.6%
30,015235,Hunter Tyson,26,https://media-cdn.cortextech.io/1dU3kpCqReRp93/1BSdBWIjCjnOS8/6e3ffc1c-3c9a-4302-940d-45d6d78ed208.png,MRO,RMA,MAXIMA ROMA,https://media-cdn.cortextech.io/1dU3kpCqReRp93/1BSdBWIjChWbHH/f1547a87-c0bf-41ab-bf7e-a0001649430d.png,2,1,8.6%,7.3%,10.3%,9.1%,8.3%,10.7%,60%,40%,40%,40%,20%
30,007673,Uros Trifunovic,26,https://media-cdn.cortextech.io/1dU3kpCqReRp93/1BSdBWIjCjnOS4/663ac60e-b56c-4390-850f-52ca55823aad.png,TTK,TTA,Turk Telekom Ankara,https://media-cdn.incrowdsports.com/4ba35608-54ca-4800-a59c-f2571e6f8e13.png,2,0,7.6%,20.8%,6%,5.1%,35.3%,2.6%,37.5%,62.5%,17.4%,78.3%,4.3%
30,011202,Marial Shayok,31,https://media-cdn.cortextech.io/1dU3kpCqReRp93/1BSdBWIjCjnOS5/f0baa325-f237-49d7-81e6-8b38715cefac.png,BUD,BUD,KK Buducnost,https://media-cdn.incrowdsports.com/47161285-94b3-4266-9d23-b722e8600945.png,2,0,9.3%,12.5%,14%,11.4%,5.9%,17.1%,57.1%,42.9%,52.6%,15.8%,31.6%
34,006977,Stefan Dordevic,28,https://media-cdn.cortextech.io/1dU3kpCqReRp93/1BSdBWIjCjnOS5/216a8507-db43-4723-833c-ddbcd0790ee1.png,BUD,BUD,KK Buducnost,https://media-cdn.incrowdsports.com/47161285-94b3-4266-9d23-b722e8600945.png,2,0,12.8%,0%,0%,18.2%,0%,0%,100%,0%,100%,0%,0%
35,006625,Yovel Zoosman,28,https://media-cdn.cortextech.io/1dU3kpCqReRp93/1BSdBWIjCjnOS5/32599150-9e8c-472c-8765-ab8d8bcd2c76.png,JER,JLM,Hapoel  Midtown Jerusalem,https://media-cdn.cortextech.io/1dU3kpCqReRp93/1BSdBWIjCiezvp/6d6e8da8-550f-4d1f-8a06-4611227e0c31.png,2,0,8.9%,6.5%,11.5%,11.6%,0%,13.6%,80%,20%,62.5%,0%,37.5%
35,006640,Dogus Ozdemiroglu,30,https://media-cdn.cortextech.io/1dU3kpCqReRp93/1BSdBWIjCjnOS4/b1c4f2a0-d486-449d-9d86-d4e162e71818.png,TTK,TTA,Turk Telekom Ankara,https://media-cdn.incrowdsports.com/4ba35608-54ca-4800-a59c-f2571e6f8e13.png,2,2,12.7%,20.8%,16%,5.1%,11.8%,18.4%,50%,50%,23.5%,35.3%,41.2%
37,013272,Anthony Lamb,28,https://media-cdn.cortextech.io/1dU3kpCqReRp93/1BSdBWIjCjnOS4/9d898b59-08fa-4175-908b-a662cf32224f.png,TTK,TTA,Turk Telekom Ankara,https://media-cdn.incrowdsports.com/4ba35608-54ca-4800-a59c-f2571e6f8e13.png,2,2,12.7%,10.4%,4%,10.3%,11.8%,5.3%,66.7%,33.3%,50%,37.5%,12.5%
38,014222,Matthew Hurt,26,https://media-cdn.cortextech.io/1dU3kpCqReRp93/1BSdBWIjCjnOO0/500031ac-6b19-4c08-bf04-9f927be01944.png,LJU,COL,KK Cedevita Olimpija,https://media-cdn.incrowdsports.com/73b33d13-570e-4e49-a9cb-fe806831eaa7.png,2,2,17.5%,10%,4.7%,25.6%,8.3%,6.5%,73.7%,26.3%,80%,12%,8%
39,013926,Iverson Molinar,27,https://media-cdn.cortextech.io/1dU3kpCqReRp93/1BSdBWIjCjnOS5/2c8ba360-e31d-43c7-9d99-79fe29037ac7.png,BUD,BUD,KK Buducnost,https://media-cdn.incrowdsports.com/47161285-94b3-4266-9d23-b722e8600945.png,2,2,15.1%,6.2%,9.3%,13.6%,5.9%,11.4%,81.2%,18.8%,63.2%,15.8%,21.1%
40,015057,Jack White,29,https://media-cdn.cortextech.io/1dU3kpCqReRp93/1BSdBWIjCjnOW8/e637266e-4f00-49bd-a757-b309249f664b.png,NAP,NAP,Napoli Basketball,https://media-cdn.cortextech.io/1dU3kpCqReRp93/1BSdBWIjCgOCpC/c2de1d20-72f4-4453-95de-b4534db6d57f.png,2,0,15.7%,6%,21.7%,19.5%,4.3%,15.4%,78.6%,21.4%,69.6%,13%,17.4%
40,012714,Devontae Cacok,30,https://media-cdn.cortextech.io/1dU3kpCqReRp93/1BSdBWIjCjnOS5/7b733f2d-d21b-4011-8220-586be46b46b1.png,JER,JLM,Hapoel  Midtown Jerusalem,https://media-cdn.cortextech.io/1dU3kpCqReRp93/1BSdBWIjCiezvp/6d6e8da8-550f-4d1f-8a06-4611227e0c31.png,2,0,14.4%,0%,14.8%,16.3%,0%,2.3%,100%,0%,93.3%,0%,6.7%
40,003622,Miro Bilan,37,https://media-cdn.cortextech.io/1dU3kpCqReRp93/1BSdBWIjCjnOS8/143972fd-d528-4c3d-b175-dedee27e1d18.png,MRO,RMA,MAXIMA ROMA,https://media-cdn.cortextech.io/1dU3kpCqReRp93/1BSdBWIjChWbHH/f1547a87-c0bf-41ab-bf7e-a0001649430d.png,2,2,27.1%,0%,5.1%,33.3%,0%,7.1%,100%,0%,91.7%,0%,8.3%
43,009896,Dusan Miletic,28,https://media-cdn.cortextech.io/1dU3kpCqReRp93/1BSdBWIjCjnOS5/6a70d44e-84b3-4679-bcff-9295f42803a9.png,JER,JLM,Hapoel  Midtown Jerusalem,https://media-cdn.cortextech.io/1dU3kpCqReRp93/1BSdBWIjCiezvp/6d6e8da8-550f-4d1f-8a06-4611227e0c31.png,2,2,10%,3.2%,23%,9.3%,7.7%,20.5%,90%,10%,40%,15%,45%
44,014904,David Roddy,25,https://media-cdn.cortextech.io/1dU3kpCqReRp93/1BSdBWIjCjnOS5/79caccff-92d6-421d-8cad-680be28b5ffe.png,JER,JLM,Hapoel  Midtown Jerusalem,https://media-cdn.cortextech.io/1dU3kpCqReRp93/1BSdBWIjCiezvp/6d6e8da8-550f-4d1f-8a06-4611227e0c31.png,2,2,8.9%,16.1%,3.3%,11.6%,23.1%,4.5%,61.5%,38.5%,47.6%,42.9%,9.5%
44,014123,Jeffrey Dowtin Jr,29,https://media-cdn.cortextech.io/1dU3kpCqReRp93/1BSdBWIjCjnOW8/41843f35-2811-47af-a44e-d67f5bb5f1e9.png,NAP,NAP,Napoli Basketball,https://media-cdn.cortextech.io/1dU3kpCqReRp93/1BSdBWIjCgOCpC/c2de1d20-72f4-4453-95de-b4534db6d57f.png,2,2,17.1%,12%,13%,19.5%,13%,23.1%,66.7%,33.3%,51.6%,29%,19.4%
44,008923,Jerry Boutsiele,34,https://media-cdn.cortextech.io/1dU3kpCqReRp93/1BSdBWIjCjnOS5/526379c1-c6f0-40f4-87e6-1e669b94b264.png,BUD,BUD,KK Buducnost,https://media-cdn.incrowdsports.com/47161285-94b3-4266-9d23-b722e8600945.png,2,2,5.8%,0%,14%,4.5%,0%,8.6%,100%,0%,57.1%,0%,42.9%
47,013256,Juwan Morgan,29,https://media-cdn.cortextech.io/1dU3kpCqReRp93/1BSdBWIjCjnOS5/a00771c0-0d9a-4bf7-b1f9-ccfaac13166e.png,BUD,BUD,KK Buducnost,https://media-cdn.incrowdsports.com/47161285-94b3-4266-9d23-b722e8600945.png,2,1,7%,20.8%,7%,9.1%,29.4%,8.6%,37.5%,62.5%,30.8%,57.7%,11.5%
48,012003,Anthony Cowan Jr,29,https://media-cdn.cortextech.io/1dU3kpCqReRp93/1BSdBWIjCjnOO0/58dfc0ed-506f-4e80-9e9d-15ef95b03440.png,LJU,COL,KK Cedevita Olimpija,https://media-cdn.incrowdsports.com/73b33d13-570e-4e49-a9cb-fe806831eaa7.png,2,2,11.2%,20%,41.9%,10.3%,16.7%,48.4%,47.4%,52.6%,27.6%,20.7%,51.7%
49,004381,Marco Spissu,31,https://media-cdn.cortextech.io/1dU3kpCqReRp93/1BSdBWIjCjnOW8/d09816ff-af8e-42d7-9a08-789bd5076780.png,NAP,NAP,Napoli Basketball,https://media-cdn.cortextech.io/1dU3kpCqReRp93/1BSdBWIjCgOCpC/c2de1d20-72f4-4453-95de-b4534db6d57f.png,2,0,2.9%,14%,2.2%,4.9%,21.7%,3.8%,22.2%,77.8%,20%,75%,5%
49,005553,Rihards Lomazs,30,https://media-cdn.cortextech.io/1dU3kpCqReRp93/1BSdBWIjCjnOS8/703d3c37-c4a0-45da-80ac-e230b3267073.png,LJU,COL,KK Cedevita Olimpija,https://media-cdn.incrowdsports.com/73b33d13-570e-4e49-a9cb-fe806831eaa7.png,2,0,11.2%,20%,18.6%,15.4%,25%,22.6%,47.4%,52.6%,42.9%,32.1%,25%
49,015010,Aaron Holiday,30,https://media-cdn.cortextech.io/1dU3kpCqReRp93/1BSdBWIjCjnOS8/584f7f2a-cfba-4097-8a52-8fb9db13356c.png,MRO,RMA,MAXIMA ROMA,https://media-cdn.cortextech.io/1dU3kpCqReRp93/1BSdBWIjChWbHH/f1547a87-c0bf-41ab-bf7e-a0001649430d.png,2,2,8.6%,21.8%,5.1%,9.1%,16.7%,7.1%,33.3%,66.7%,30%,60%,10%
52,013261,Brynton Lemar,31,https://media-cdn.cortextech.io/1dU3kpCqReRp93/1BSdBWIjCjnOS8/59e021ab-fba0-4125-8628-4cd04f4e1004.png,MRO,RMA,MAXIMA ROMA,https://media-cdn.cortextech.io/1dU3kpCqReRp93/1BSdBWIjChWbHH/f1547a87-c0bf-41ab-bf7e-a0001649430d.png,2,1,14.3%,12.7%,23.1%,18.2%,8.3%,32.1%,58.8%,41.2%,44.4%,22.2%,33.3%
53,011192,Jaleen Smith,32,https://media-cdn.cortextech.io/1dU3kpCqReRp93/1BSdBWIjCjnOS5/9868d08a-f4a4-4785-9df3-b45239b5db34.png,JER,JLM,Hapoel  Midtown Jerusalem,https://media-cdn.cortextech.io/1dU3kpCqReRp93/1BSdBWIjCiezvp/6d6e8da8-550f-4d1f-8a06-4611227e0c31.png,2,2,8.9%,22.6%,11.5%,9.3%,38.5%,13.6%,53.3%,46.7%,27.6%,51.7%,20.7%
53,014007,Shake Milton,30,https://media-cdn.cortextech.io/1dU3kpCqReRp93/1BSdBWIjCjnOS5/69d6e851-c161-4f7c-89b8-275e238ad200.png,JER,JLM,Hapoel  Midtown Jerusalem,https://media-cdn.cortextech.io/1dU3kpCqReRp93/1BSdBWIjCiezvp/6d6e8da8-550f-4d1f-8a06-4611227e0c31.png,2,0,14.4%,12.9%,14.8%,14%,7.7%,20.5%,76.5%,23.5%,50%,12.5%,37.5%
55,014903,Kenny Lofton Jr,24,https://media-cdn.cortextech.io/1dU3kpCqReRp93/1BSdBWIjCjnOS5/adc66baa-c97f-447c-984e-a09f64728a54.png,JER,JLM,Hapoel  Midtown Jerusalem,https://media-cdn.cortextech.io/1dU3kpCqReRp93/1BSdBWIjCiezvp/6d6e8da8-550f-4d1f-8a06-4611227e0c31.png,2,2,23.3%,12.9%,18%,20.9%,15.4%,20.5%,84%,16%,54.5%,18.2%,27.3%
56,015097,Jerrick Harding,28,https://media-cdn.cortextech.io/1dU3kpCqReRp93/1BSdBWIjCjnOS4/f38f2616-8c1f-4671-9d27-0b20ca08bddb.png,TTK,TTA,Turk Telekom Ankara,https://media-cdn.incrowdsports.com/4ba35608-54ca-4800-a59c-f2571e6f8e13.png,2,0,24.1%,18.8%,22%,25.6%,11.8%,26.3%,67.9%,32.1%,55.6%,16.7%,27.8%
57,004655,Ismael Bako,31,https://media-cdn.cortextech.io/1dU3kpCqReRp93/1BSdBWIjCjnOS4/8899b1a5-f5a2-4b51-ba88-3b0e3dac1d19.png,TTK,TTA,Turk Telekom Ankara,https://media-cdn.incrowdsports.com/4ba35608-54ca-4800-a59c-f2571e6f8e13.png,2,0,10.1%,0%,20%,15.4%,0%,26.3%,100%,0%,54.5%,0%,45.5%
58,014088,Zachary Seljaas,29,https://media-cdn.cortextech.io/1dU3kpCqReRp93/1BSdBWIjCjnOW8/0bd31dd7-a747-4fa7-84ee-e510f14733b1.png,NAP,NAP,Napoli Basketball,https://media-cdn.cortextech.io/1dU3kpCqReRp93/1BSdBWIjCgOCpC/c2de1d20-72f4-4453-95de-b4534db6d57f.png,2,2,12.9%,30%,6.5%,12.2%,30.4%,11.5%,37.5%,62.5%,29.4%,61.8%,8.8%
59,011281,Yogi Ferrell,33,https://media-cdn.cortextech.io/1dU3kpCqReRp93/1BSdBWIjCjnOS5/4b274ff3-a150-411a-ace8-727d6bc6eda7.png,BUD,BUD,KK Buducnost,https://media-cdn.incrowdsports.com/47161285-94b3-4266-9d23-b722e8600945.png,2,0,9.3%,18.8%,14%,9.1%,29.4%,17.1%,47.1%,52.9%,27.6%,51.7%,20.7%
