player_ranking,code,name,age,image_url,team_code,team_tv_codes,team_name,team_image_url,games_played,minutes_played,effective_field_goal_percentage,true_shooting_percentage,offensive_rebounds_percentage,defensive_rebounds_percentage,rebounds_percentage,assists_to_turnovers_ratio,assists_ratio,turnovers_ratio,two_point_attempts_ratio,three_point_attempts_ratio,free_throws_rate,possesions
1,011157,Johnathan Motley,31,https://media-cdn.cortextech.io/1dU3kpCqReRp93/1BSdBWIjCjnOS3/94c8ef3f-a59d-44bb-8d91-979ee4e075ec.png,RED,CZV,Crvena Zvezda Meridianbet Belgrade,https://media-cdn.incrowdsports.com/d2eef4a8-62df-4fdd-9076-276004268515.png,2,15.108333333333333,20%,20%,8.6%,9.7%,9.1%,0.3,13%,43.5%,34.8%,8.7%,0%,11.5
2,012080,Timothe Luwawu-Cabarrot,31,https://media-cdn.cortextech.io/1dU3kpCqReRp93/1BSdBWIjCjnONy/894b61b0-9ef5-4796-889d-6cf29eaede45.png,MAD,RMB,Real Madrid,https://media-cdn.incrowdsports.com/371b0d9b-9250-4c09-bda7-0686cf024657.png,2,16.175,32.1%,37%,0%,0%,0%,0,0%,11.8%,53.3%,29.6%,14.3%,8.4
3,014220,Chris Silva,30,https://media-cdn.cortextech.io/1dU3kpCqReRp93/1BSdBWIjCjnONy/f0e9c8ca-d866-460f-8135-df73fc689333.png,ULK,FBT,Fenerbahce Istanbul,https://media-cdn.cortextech.io/1dU3kpCqReRp93/1BSdBWIjCiezrk/aa39750a-6203-49ee-a87d-edd0c6f0397d.png,2,7.575,50%,51.2%,7.8%,7.5%,7.7%,0,0%,45%,45%,0%,50%,4.4
4,007513,Dovydas Giedraitis,26,https://media-cdn.cortextech.io/1dU3kpCqReRp93/1BSdBWIjCjnONz/767fb622-9a2b-4fae-ad01-39b3c64f046b.png,ZAL,ZAL,Zalgiris Kaunas,https://media-cdn.incrowdsports.com/0aa09358-3847-4c4e-b228-3582ee4e536d.png,2,10.125,0%,0%,0%,5.1%,2.7%,0.7,33.3%,50%,0%,16.7%,0%,3
4,001844,Daniel Hackett,39,https://media-cdn.cortextech.io/1dU3kpCqReRp93/1BSdBWIjCjnONz/f3a04739-9830-4126-8c40-d7ac9b7ef187.png,VIR,VIR,Virtus Bologna,https://media-cdn.cortextech.io/1dU3kpCqReRp93/1BSdBWIjCiezvk/a92d4c3b-9f9c-4163-8a10-bcf8fc15893e.png,2,11.791666666666666,0%,0%,8.8%,13.2%,11%,1,33.3%,33.3%,16.7%,16.7%,0%,3
4,014094,Stefan Miljenovic,25,https://media-cdn.cortextech.io/1dU3kpCqReRp93/1BSdBWIjCjnONz/8138f3db-604d-4f03-8279-94013721a3d7.png,RED,CZV,Crvena Zvezda Meridianbet Belgrade,https://media-cdn.incrowdsports.com/d2eef4a8-62df-4fdd-9076-276004268515.png,2,2.8916666666666666,75%,75%,0%,0%,0%,0,0%,33.3%,33.3%,33.3%,0%,1.5
7,009513,Justus Hollatz,25,https://media-cdn.cortextech.io/1dU3kpCqReRp93/1BSdBWIjCjnONy/d62edd43-6a87-4c93-91a1-341ce3a104c6.png,MUN,BAY,FC Bayern Munich,https://media-cdn.incrowdsports.com/817b0e58-d595-4b09-ab0b-1e7cc26249ff.png,2,10.7,40%,40%,6%,5.5%,5.8%,1.5,30%,20%,30%,20%,0%,5
8,004007,Ognjen Dobric,32,https://media-cdn.cortextech.io/1dU3kpCqReRp93/1BSdBWIjCjnONz/88d6f616-1540-408a-828b-6c2754d939f6.png,RED,CZV,Crvena Zvezda Meridianbet Belgrade,https://media-cdn.incrowdsports.com/d2eef4a8-62df-4fdd-9076-276004268515.png,2,7.675,50%,50%,5.7%,0%,3%,0,0%,16.7%,33.3%,50%,0%,3
8,007032,Maodo Lo,34,https://media-cdn.cortextech.io/1dU3kpCqReRp93/1BSdBWIjCjnONz/b9843075-3b7e-4e22-b4b3-24ab71044c9e.png,ZAL,ZAL,Zalgiris Kaunas,https://media-cdn.incrowdsports.com/0aa09358-3847-4c4e-b228-3582ee4e536d.png,2,12.991666666666667,21.4%,21.4%,4.4%,23.7%,14.6%,0.8,25%,31.2%,12.5%,31.2%,0%,8
10,014802,Rasheed Bello,23,https://media-cdn.cortextech.io/1dU3kpCqReRp93/1BSdBWIjCjnONz/0cd10838-d234-40a2-869f-c7edb73fbe8b.png,VIR,VIR,Virtus Bologna,https://media-cdn.cortextech.io/1dU3kpCqReRp93/1BSdBWIjCiezvk/a92d4c3b-9f9c-4163-8a10-bcf8fc15893e.png,2,11.041666666666666,42.9%,47%,0%,9.4%,4.7%,0,0%,21.2%,37.1%,37.1%,14.3%,9.4
10,009005,Gabriel Deck,31,https://media-cdn.cortextech.io/1dU3kpCqReRp93/1BSdBWIjCjnONy/4f3c13be-3d8d-4479-a430-26600d2aaf76.png,MAD,RMB,Real Madrid,https://media-cdn.incrowdsports.com/371b0d9b-9250-4c09-bda7-0686cf024657.png,2,19.191666666666666,33.3%,33.3%,0%,11.1%,5.9%,0.5,16.7%,33.3%,16.7%,33.3%,0%,3
12,013929,Rj Cole,27,https://media-cdn.cortextech.io/1dU3kpCqReRp93/1BSdBWIjCjnONy/692c8bf5-073e-4893-9597-d5dd163f54a0.png,MIL,MIL,Armani Olimpia Milan,https://media-cdn.cortextech.io/1dU3kpCqReRp93/1BSdBWIjChWbHH/5c2f0ab6-f86a-4df0-b2f3-f9ab92f7267b.png,2,12.05,45%,50.6%,0%,10.1%,4.9%,0.8,16.8%,22.4%,22.4%,33.6%,20%,8.9
12,015138,Tyrese Martin,27,https://media-cdn.cortextech.io/1dU3kpCqReRp93/1BSdBWIjCjnONz/df36712f-78ef-48d7-b1b8-a28fab2554ba.png,BAR,BAR,FC Barcelona,https://media-cdn.incrowdsports.com/35dfa503-e417-481f-963a-bdf6f013763e.png,2,21.483333333333334,33.3%,33.3%,5.2%,21.1%,11.9%,0.7,8.7%,13%,30.4%,47.8%,0%,11.5
14,008186,Marek Blazevic,25,https://media-cdn.cortextech.io/1dU3kpCqReRp93/1BSdBWIjCjnONz/656d0f39-73fb-44a9-8890-1284d8d8489d.png,ZAL,ZAL,Zalgiris Kaunas,https://media-cdn.incrowdsports.com/0aa09358-3847-4c4e-b228-3582ee4e536d.png,2,14.4,44.4%,45.5%,11.9%,14.2%,13.1%,0,0%,28.8%,64.8%,0%,22.2%,6.9
14,008985,Leandro Bolmaro,26,https://media-cdn.cortextech.io/1dU3kpCqReRp93/1BSdBWIjCjnONy/407d3664-5298-4677-bba8-fd4b8fee4928.png,MIL,MIL,Armani Olimpia Milan,https://media-cdn.cortextech.io/1dU3kpCqReRp93/1BSdBWIjChWbHH/5c2f0ab6-f86a-4df0-b2f3-f9ab92f7267b.png,2,22.1,25%,25.5%,2.6%,13.7%,8%,1,16.9%,16.9%,33.8%,22.5%,40%,8.9
14,014219,Francesco Ferrari,21,https://media-cdn.cortextech.io/1dU3kpCqReRp93/1BSdBWIjCjnONz/2c8a51e8-7003-4d2f-909f-208cb763fd00.png,VIR,VIR,Virtus Bologna,https://media-cdn.cortextech.io/1dU3kpCqReRp93/1BSdBWIjCiezvk/a92d4c3b-9f9c-4163-8a10-bcf8fc15893e.png,2,2.158333333333333,100%,100%,24.1%,0%,12%,0,0%,0%,100%,0%,0%,0.5
14,011948,Markus Howard,27,https://media-cdn.cortextech.io/1dU3kpCqReRp93/1BSdBWIjCjnONy/50d10547-ade7-4abb-af2a-35ef3ceb0b01.png,BAS,KBA,Baskonia Vitoria-Gasteiz,https://media-cdn.cortextech.io/cbc49cb0-99ce-4462-bdb7-56983ee03cf4.png,2,11.45,50%,50%,4.1%,0%,2.3%,0.5,5.9%,11.8%,29.4%,52.9%,0%,8.5
14,001288,Vladimir Lucic,37,https://media-cdn.cortextech.io/1dU3kpCqReRp93/1BSdBWIjCjnONy/97200fba-aa27-4309-bc62-88c7a1688fa1.png,MUN,BAY,FC Bayern Munich,https://media-cdn.incrowdsports.com/817b0e58-d595-4b09-ab0b-1e7cc26249ff.png,2,14.583333333333334,33.3%,33.3%,4.4%,8.1%,6.3%,1,20%,20%,40%,20%,0%,2.5
14,015142,Justin Minaya,27,https://media-cdn.cortextech.io/1dU3kpCqReRp93/1BSdBWIjCjnONz/cf6fbd14-c61e-4bb1-bdc6-0f0dd3e6f6e4.png,BAR,BAR,FC Barcelona,https://media-cdn.incrowdsports.com/35dfa503-e417-481f-963a-bdf6f013763e.png,2,12.4,150%,150%,0%,6.1%,2.6%,0,50%,0%,0%,50%,0%,1
14,014731,Davion Mintz,28,https://media-cdn.cortextech.io/1dU3kpCqReRp93/1BSdBWIjCjnONy/0fba911a-e753-4cb6-93d4-cf62eacc203b.png,DUB,DUB,Dubai Basketball,https://media-cdn.incrowdsports.com/1efae090-16e2-4963-ae47-4b94f249c244.png,2,10.991666666666667,31.2%,35.5%,11.9%,0%,5.4%,1,16.1%,16.1%,24.1%,40.2%,12.5%,6.2
14,010391,Nick Weiler-Babb,31,https://media-cdn.cortextech.io/1dU3kpCqReRp93/1BSdBWIjCjnOS3/0954bf55-4ff8-4a05-986c-2e60f628276d.png,RED,CZV,Crvena Zvezda Meridianbet Belgrade,https://media-cdn.incrowdsports.com/d2eef4a8-62df-4fdd-9076-276004268515.png,2,19.125,12.5%,12.5%,4.5%,17.9%,10.8%,1.8,40.9%,22.7%,22.7%,13.6%,0%,11
22,003458,Davis Bertans,34,https://media-cdn.cortextech.io/1dU3kpCqReRp93/1BSdBWIjCjnONy/3a50124b-7e2e-4716-94c8-7e263a45cff5.png,DUB,DUB,Dubai Basketball,https://media-cdn.incrowdsports.com/1efae090-16e2-4963-ae47-4b94f249c244.png,2,12.35,60%,60%,0%,8.6%,4.8%,0,0%,0%,0%,100%,0%,2.5
22,014134,Miles Norris,26,https://media-cdn.cortextech.io/1dU3kpCqReRp93/1BSdBWIjCjnONy/d6a2fbe4-7f6f-4b84-824f-f41630898d84.png,MUN,BAY,FC Bayern Munich,https://media-cdn.incrowdsports.com/817b0e58-d595-4b09-ab0b-1e7cc26249ff.png,2,17.4,43.8%,43.8%,7.4%,10.1%,8.8%,0.3,8.3%,25%,25%,41.7%,0%,6
22,005368,Santi Yusta,29,https://media-cdn.cortextech.io/1dU3kpCqReRp93/1BSdBWIjCjnONz/9bdd2088-7719-4be5-a88d-99d2dc6aaed2.png,IST,EFS,Anadolu Efes Istanbul,https://media-cdn.cortextech.io/1dU3kpCqReRp93/1BSdBWIjCgOCxM/a844756c-a58d-4666-93b8-48f7337bc79d.png,2,8.033333333333333,70%,70%,14.9%,0%,7.6%,0,16.7%,0%,66.7%,16.7%,0%,3
25,003733,Alberto Abalde,31,https://media-cdn.cortextech.io/1dU3kpCqReRp93/1BSdBWIjCjnONy/f3b04ef8-b127-48a1-9be5-466f7729240c.png,MAD,RMB,Real Madrid,https://media-cdn.incrowdsports.com/371b0d9b-9250-4c09-bda7-0686cf024657.png,2,13.475,42.9%,42.9%,4.4%,7.9%,6.3%,0,36.4%,0%,36.4%,27.3%,0%,5.5
25,011244,Oscar Da Silva,28,https://media-cdn.cortextech.io/1dU3kpCqReRp93/1BSdBWIjCjnONy/5c62c23d-0581-4667-a77b-52af033153bc.png,MUN,BAY,FC Bayern Munich,https://media-cdn.incrowdsports.com/817b0e58-d595-4b09-ab0b-1e7cc26249ff.png,2,13.05,33.3%,33.3%,0%,9%,4.7%,0,25%,0%,25%,50%,0%,4
25,015152,Eugene German,29,https://media-cdn.cortextech.io/1dU3kpCqReRp93/1BSdBWIjCjnOS3/8ff2e8e8-b816-4921-9b41-a26a73eb05eb.png,HTA,HTA,Hapoel Tel Aviv,https://media-cdn.incrowdsports.com/cbb1c3ad-03d5-426a-b5ef-2832a4eee484.png,2,8.216666666666667,62.5%,62.5%,0%,6.3%,3.1%,0,0%,11.1%,44.4%,44.4%,0%,4.5
28,014107,Stefan Joksimovic,18,https://media-cdn.cortextech.io/1dU3kpCqReRp93/1BSdBWIjCjnONy/0a550a35-2888-4a7a-8a0a-52ce8859b34b.png,BAS,KBA,Baskonia Vitoria-Gasteiz,https://media-cdn.cortextech.io/cbc49cb0-99ce-4462-bdb7-56983ee03cf4.png,2,8.658333333333333,20%,20%,5.4%,13.8%,9.1%,2.3,46.7%,20%,26.7%,6.7%,0%,7.5
28,006482,David Kramer,29,https://media-cdn.cortextech.io/1dU3kpCqReRp93/1BSdBWIjCjnONz/9d36c176-682d-40c2-84f2-db9583dc94cc.png,RED,CZV,Crvena Zvezda Meridianbet Belgrade,https://media-cdn.incrowdsports.com/d2eef4a8-62df-4fdd-9076-276004268515.png,2,14.5,50%,55.7%,0%,16.8%,7.9%,1,8.4%,8.4%,25.3%,50.5%,22.2%,5.9
28,013943,Daron Russell,28,https://media-cdn.cortextech.io/1dU3kpCqReRp93/1BSdBWIjCjnONz/bcca0fec-d463-42c1-942e-4d32eaebec50.png,IST,EFS,Anadolu Efes Istanbul,https://media-cdn.cortextech.io/1dU3kpCqReRp93/1BSdBWIjCgOCxM/a844756c-a58d-4666-93b8-48f7337bc79d.png,2,6.558333333333334,35%,38.3%,0%,19.1%,9.3%,2,14.9%,7.4%,52.1%,22.3%,10%,6.7
28,001133,Tornike Shengelia,35,https://media-cdn.cortextech.io/1dU3kpCqReRp93/1BSdBWIjCjnONy/4cb07e90-2192-4e12-9b9d-5fb1b565699e.png,DUB,DUB,Dubai Basketball,https://media-cdn.incrowdsports.com/1efae090-16e2-4963-ae47-4b94f249c244.png,2,12.95,29.2%,34.9%,25.3%,20.6%,22.7%,0.2,5.6%,22.4%,50.3%,16.8%,16.7%,8.9
28,014152,Kobi Simmons,29,https://media-cdn.cortextech.io/1dU3kpCqReRp93/1BSdBWIjCjnONy/b17aec54-7bd1-42a5-8b4c-c978b681473b.png,BAS,KBA,Baskonia Vitoria-Gasteiz,https://media-cdn.cortextech.io/cbc49cb0-99ce-4462-bdb7-56983ee03cf4.png,2,14.583333333333334,22.7%,26.2%,6.4%,8.2%,7.2%,7,36%,5.1%,25.7%,30.9%,9.1%,9.7
33,014026,Clement Frisch,24,https://media-cdn.cortextech.io/1dU3kpCqReRp93/1BSdBWIjCjnONy/42d1c992-b912-4c98-be0e-eb95d712b204.png,BAS,KBA,Baskonia Vitoria-Gasteiz,https://media-cdn.cortextech.io/cbc49cb0-99ce-4462-bdb7-56983ee03cf4.png,2,4.416666666666667,100%,90.6%,10.5%,13.5%,11.8%,0,0%,0%,36.2%,0%,400%,1.4
33,009754,Jordan Loyd,33,https://media-cdn.cortextech.io/1dU3kpCqReRp93/1BSdBWIjCjnONz/e404b8ed-9a3b-480e-8b3f-ce49905188b5.png,IST,EFS,Anadolu Efes Istanbul,https://media-cdn.cortextech.io/1dU3kpCqReRp93/1BSdBWIjCgOCxM/a844756c-a58d-4666-93b8-48f7337bc79d.png,2,19.341666666666665,50%,54.3%,3.1%,9.7%,6.3%,1,6.7%,6.7%,47%,33.6%,16.7%,7.4
33,009048,Codi Miller-Mcintyre,32,https://media-cdn.cortextech.io/1dU3kpCqReRp93/1BSdBWIjCjnONy/b98b2f04-52a1-4c10-8f29-396df546162b.png,OLY,OLY,Olympiacos Piraeus,https://media-cdn.incrowdsports.com/789423ac-3cdf-4b89-b11c-b458aa5f59a6.png,2,16.158333333333335,37.5%,37.5%,0%,9.2%,5.3%,2,46.2%,23.1%,15.4%,15.4%,0%,13
33,007464,Joel Parra,26,https://media-cdn.cortextech.io/1dU3kpCqReRp93/1BSdBWIjCjnONz/9a56a310-cebf-4640-ab91-5c7690d16c51.png,BAR,BAR,FC Barcelona,https://media-cdn.incrowdsports.com/35dfa503-e417-481f-963a-bdf6f013763e.png,2,26.883333333333333,36.1%,36.1%,2.1%,11.2%,6%,0,18.2%,0%,36.4%,45.5%,0%,11
33,011927,Dustin Sleva,31,https://media-cdn.cortextech.io/1dU3kpCqReRp93/1BSdBWIjCjnONz/f37f7850-396e-44d3-8dcc-c6503a4a76d3.png,ZAL,ZAL,Zalgiris Kaunas,https://media-cdn.incrowdsports.com/0aa09358-3847-4c4e-b228-3582ee4e536d.png,2,10.05,100%,73.5%,17.1%,5.1%,10.8%,0,17.4%,0%,0%,52.1%,133.3%,2.9
38,009992,Dario Brizuela,32,https://media-cdn.cortextech.io/1dU3kpCqReRp93/1BSdBWIjCjnONz/ce0ebb86-2c93-4aa6-8892-9ef1334d2d45.png,BAR,BAR,FC Barcelona,https://media-cdn.incrowdsports.com/35dfa503-e417-481f-963a-bdf6f013763e.png,2,18.475,67.9%,67.2%,0%,12.3%,5.2%,0.2,4.8%,23.9%,33.5%,33.5%,14.3%,10.4
38,012710,Ercan Osmani,28,https://media-cdn.cortextech.io/1dU3kpCqReRp93/1BSdBWIjCjnONz/c729041d-5c0b-41be-8118-be3d6ac73cb0.png,IST,EFS,Anadolu Efes Istanbul,https://media-cdn.cortextech.io/1dU3kpCqReRp93/1BSdBWIjCgOCxM/a844756c-a58d-4666-93b8-48f7337bc79d.png,2,17.991666666666667,41.7%,44.2%,6.6%,3.5%,5.1%,2,13%,6.5%,58.3%,19.4%,8.3%,7.7
38,011706,Mario Saint-Supery,20,https://media-cdn.cortextech.io/1dU3kpCqReRp93/1BSdBWIjCjnONy/444fcffe-f94d-4843-bdb7-801ba2b9b2cc.png,PAM,VBC,Valencia Basket,https://media-cdn.cortextech.io/1dU3kpCqReRp93/1BSdBWIjChWbHL/bc3e00b2-fea4-40be-a7ec-1e633129bde3.png,2,16.441666666666666,40%,46%,3.2%,6.9%,5%,0.8,16.8%,22.4%,28%,28%,20%,8.9
38,002939,Tomas Satoransky,35,https://media-cdn.cortextech.io/1dU3kpCqReRp93/1BSdBWIjCjnOS3/d69e270c-f55c-4c4f-a3aa-c9dbf4752d3a.png,HTA,HTA,Hapoel Tel Aviv,https://media-cdn.incrowdsports.com/cbb1c3ad-03d5-426a-b5ef-2832a4eee484.png,2,19.116666666666667,58.3%,58.1%,2.6%,10.9%,6.6%,4,33.7%,8.4%,42.1%,8.4%,33.3%,5.9
38,008855,Thomas Walkup,34,https://media-cdn.cortextech.io/1dU3kpCqReRp93/1BSdBWIjCjnONy/6b597c1d-5917-47f4-84ea-e4a857dc4555.png,DUB,DUB,Dubai Basketball,https://media-cdn.incrowdsports.com/1efae090-16e2-4963-ae47-4b94f249c244.png,2,14.116666666666667,55.6%,55.6%,0%,11.3%,6.3%,2,26.7%,13.3%,20%,40%,0%,7.5
43,014005,Derrick Alston Jr.,29,https://media-cdn.cortextech.io/1dU3kpCqReRp93/1BSdBWIjCjnONz/3351b25e-52eb-478a-ad83-0e1a659b6337.png,VIR,VIR,Virtus Bologna,https://media-cdn.cortextech.io/1dU3kpCqReRp93/1BSdBWIjCiezvk/a92d4c3b-9f9c-4163-8a10-bcf8fc15893e.png,2,22.775,40.5%,44.8%,0%,4.6%,2.3%,1,4.1%,4.1%,41.1%,45.2%,14.3%,12.2
43,011823,Tai Odiase,31,https://media-cdn.cortextech.io/1dU3kpCqReRp93/1BSdBWIjCjnOS3/8395c88e-47d4-4ef4-b4d7-1a0eef18a4d9.png,HTA,HTA,Hapoel Tel Aviv,https://media-cdn.incrowdsports.com/cbb1c3ad-03d5-426a-b5ef-2832a4eee484.png,2,13.591666666666667,60%,68%,3.6%,3.8%,3.7%,0,0%,25.4%,63.5%,0%,40%,3.9
45,013374,Mouhamet Diouf,25,https://media-cdn.cortextech.io/1dU3kpCqReRp93/1BSdBWIjCjnONz/44fceb26-24ea-4de5-b66b-724b5e569867.png,VIR,VIR,Virtus Bologna,https://media-cdn.cortextech.io/1dU3kpCqReRp93/1BSdBWIjCiezvk/a92d4c3b-9f9c-4163-8a10-bcf8fc15893e.png,2,11.591666666666667,60%,72%,9%,4.5%,6.7%,0,0%,11.6%,57.9%,0%,120%,4.3
45,013290,Justinian Jessup,28,https://media-cdn.cortextech.io/1dU3kpCqReRp93/1BSdBWIjCjnONy/ca7c1847-03d2-4271-a334-84de89bcd58d.png,MUN,BAY,FC Bayern Munich,https://media-cdn.incrowdsports.com/817b0e58-d595-4b09-ab0b-1e7cc26249ff.png,2,13.533333333333333,54.5%,60.9%,9.5%,0%,4.5%,0.7,11.5%,17.3%,28.9%,34.6%,27.3%,8.7
45,015103,Damian Jones,31,https://media-cdn.cortextech.io/1dU3kpCqReRp93/1BSdBWIjCjnONy/2e235779-28c6-4d92-a693-6e822a8eb27e.png,MAD,RMB,Real Madrid,https://media-cdn.incrowdsports.com/371b0d9b-9250-4c09-bda7-0686cf024657.png,2,11.733333333333333,63.6%,63.6%,20.4%,4.5%,12%,0,0%,8.3%,91.7%,0%,0%,6
45,015140,Olivier Nkamhoua,26,https://media-cdn.cortextech.io/1dU3kpCqReRp93/1BSdBWIjCjnONz/8361d06b-f258-4f93-8c46-f64ef63f0c4f.png,BAR,BAR,FC Barcelona,https://media-cdn.incrowdsports.com/35dfa503-e417-481f-963a-bdf6f013763e.png,2,17.391666666666666,62.5%,62.5%,16%,0%,9.2%,0,11.1%,0%,55.6%,33.3%,0%,4.5
45,001255,Kostas Papanikolaou,36,https://media-cdn.cortextech.io/1dU3kpCqReRp93/1BSdBWIjCjnONy/ecebd297-d0b7-49bb-b33b-160dfa77f564.png,OLY,OLY,Olympiacos Piraeus,https://media-cdn.incrowdsports.com/789423ac-3cdf-4b89-b11c-b458aa5f59a6.png,2,10.958333333333334,100%,100%,6.3%,18%,13.1%,1,42.9%,42.9%,14.3%,0%,0%,3.5
45,012738,Nathan Reuvers,28,https://media-cdn.cortextech.io/1dU3kpCqReRp93/1BSdBWIjCjnONy/8a3e5dbd-9539-4d4e-96f9-dc0c78f20665.png,PAM,VBC,Valencia Basket,https://media-cdn.cortextech.io/1dU3kpCqReRp93/1BSdBWIjChWbHL/bc3e00b2-fea4-40be-a7ec-1e633129bde3.png,2,16.016666666666666,45%,53%,16.6%,0%,8.6%,0.3,6.5%,19.6%,45.7%,19.6%,30%,7.7
45,002968,Sertac Sanli,35,https://media-cdn.cortextech.io/1dU3kpCqReRp93/1BSdBWIjCjnONy/bd7e256f-313e-4f65-a244-a4316810947f.png,ULK,FBT,Fenerbahce Istanbul,https://media-cdn.cortextech.io/1dU3kpCqReRp93/1BSdBWIjCiezrk/aa39750a-6203-49ee-a87d-edd0c6f0397d.png,2,11.958333333333334,65%,68.9%,0%,19.1%,9.7%,0,8.4%,0%,25.3%,58.9%,20%,5.9
45,013284,Ish Wainright,32,https://media-cdn.cortextech.io/1dU3kpCqReRp93/1BSdBWIjCjnOS3/ffe1d2cd-9843-4d51-8fd6-2eeceac2c7cb.png,HTA,HTA,Hapoel Tel Aviv,https://media-cdn.incrowdsports.com/cbb1c3ad-03d5-426a-b5ef-2832a4eee484.png,2,17.033333333333335,27.8%,35.4%,11.6%,6.1%,8.9%,0.5,7.8%,15.5%,31.1%,38.8%,22.2%,6.4
53,012609,Collin Malcolm,29,https://media-cdn.cortextech.io/1dU3kpCqReRp93/1BSdBWIjCjnONz/cf5b29e9-6800-41cf-91d0-caf5ef30e20f.png,IST,EFS,Anadolu Efes Istanbul,https://media-cdn.cortextech.io/1dU3kpCqReRp93/1BSdBWIjCgOCxM/a844756c-a58d-4666-93b8-48f7337bc79d.png,2,16.616666666666667,50%,60.8%,3.6%,3.8%,3.7%,0,25.8%,0%,25.8%,25.8%,100%,3.9
53,002580,Vasilije Micic,32,https://media-cdn.cortextech.io/1dU3kpCqReRp93/1BSdBWIjCjnOS3/cccc5974-56b3-4e34-9b5e-7b0a2f1f344f.png,HTA,HTA,Hapoel Tel Aviv,https://media-cdn.incrowdsports.com/cbb1c3ad-03d5-426a-b5ef-2832a4eee484.png,2,29.291666666666668,30%,36.8%,0%,14.2%,6.9%,1.8,15.6%,8.9%,24.5%,42.3%,30%,22.5
53,008173,Matteo Spagnolo,23,https://media-cdn.cortextech.io/1dU3kpCqReRp93/1BSdBWIjCjnONy/c46e739a-7112-423c-b1cf-1551460475dc.png,BAS,KBA,Baskonia Vitoria-Gasteiz,https://media-cdn.cortextech.io/cbc49cb0-99ce-4462-bdb7-56983ee03cf4.png,2,18.283333333333335,35%,44.2%,5.1%,6.5%,5.7%,2,34.3%,17.2%,12.9%,30%,30%,11.7
53,002329,Edgaras Ulanovas,34,https://media-cdn.cortextech.io/1dU3kpCqReRp93/1BSdBWIjCjnONz/5d1b2a2a-4d68-4723-8389-d86a4d6f8b6b.png,ZAL,ZAL,Zalgiris Kaunas,https://media-cdn.incrowdsports.com/0aa09358-3847-4c4e-b228-3582ee4e536d.png,2,12.95,0%,46%,0%,7.9%,4.2%,4,34.7%,8.7%,8.7%,17.4%,266.7%,5.8
53,013278,Austin Wiley,27,https://media-cdn.cortextech.io/1dU3kpCqReRp93/1BSdBWIjCjnONy/4fc56322-07ca-494a-8604-ac233c35cf4c.png,MUN,BAY,FC Bayern Munich,https://media-cdn.incrowdsports.com/817b0e58-d595-4b09-ab0b-1e7cc26249ff.png,2,13.725,60%,64.3%,4.7%,38.6%,22.4%,0,0%,35.5%,59.2%,0%,20%,8.4
58,014736,Damion Baugh,26,https://media-cdn.cortextech.io/1dU3kpCqReRp93/1BSdBWIjCjnONy/b1eb5eea-4457-4ba1-a5c0-4b3c68ce4f48.png,BAS,KBA,Baskonia Vitoria-Gasteiz,https://media-cdn.cortextech.io/cbc49cb0-99ce-4462-bdb7-56983ee03cf4.png,2,13.858333333333333,45%,48.6%,3.4%,8.6%,5.7%,2,29.5%,14.8%,29.5%,19.7%,30%,10.2
58,011231,Jaron Blossomgame,33,https://media-cdn.cortextech.io/1dU3kpCqReRp93/1BSdBWIjCjnONy/fd29e0ea-12f6-4c03-947e-3f72b48e0db3.png,DUB,DUB,Dubai Basketball,https://media-cdn.incrowdsports.com/1efae090-16e2-4963-ae47-4b94f249c244.png,2,14.375,71.4%,63.5%,9.1%,3.7%,6.1%,0,0%,11.3%,67.6%,11.3%,28.6%,4.4
58,014782,Jason Burnell,29,https://media-cdn.cortextech.io/1dU3kpCqReRp93/1BSdBWIjCjnONy/6fd162c7-1372-4d9e-ad83-f8f0f77816b4.png,MIL,MIL,Armani Olimpia Milan,https://media-cdn.cortextech.io/1dU3kpCqReRp93/1BSdBWIjChWbHH/5c2f0ab6-f86a-4df0-b2f3-f9ab92f7267b.png,2,14.391666666666667,37.5%,37.5%,20.1%,25.3%,22.6%,0,20%,0%,60%,20%,0%,7.5
58,002328,Marius Grigonis,32,https://media-cdn.cortextech.io/1dU3kpCqReRp93/1BSdBWIjCjnONz/a937d295-3c94-4248-aa82-8a11f7caa809.png,ZAL,ZAL,Zalgiris Kaunas,https://media-cdn.incrowdsports.com/0aa09358-3847-4c4e-b228-3582ee4e536d.png,2,15.533333333333333,45.8%,45.8%,7.4%,9.9%,8.7%,4,23.5%,5.9%,23.5%,47.1%,0%,8.5
58,014738,Bo Klintman,23,https://media-cdn.cortextech.io/1dU3kpCqReRp93/1BSdBWIjCjnONz/d0274316-1129-4094-87d7-1d434e9badd3.png,VIR,VIR,Virtus Bologna,https://media-cdn.cortextech.io/1dU3kpCqReRp93/1BSdBWIjCiezvk/a92d4c3b-9f9c-4163-8a10-bcf8fc15893e.png,2,20.183333333333334,68.8%,68.8%,10.3%,12.9%,11.6%,1.5,23.1%,15.4%,38.5%,23.1%,0%,6.5
58,005713,Rodions Kurucs,28,https://media-cdn.cortextech.io/1dU3kpCqReRp93/1BSdBWIjCjnONy/2c60a5d5-e755-43f1-8783-8810ad15d63a.png,BAS,KBA,Baskonia Vitoria-Gasteiz,https://media-cdn.cortextech.io/cbc49cb0-99ce-4462-bdb7-56983ee03cf4.png,2,18.216666666666665,27.8%,27.8%,7.7%,29.5%,17.2%,1.6,36.4%,22.7%,22.7%,18.2%,0%,11
64,007056,Devin Booker,35,https://media-cdn.cortextech.io/1dU3kpCqReRp93/1BSdBWIjCjnONy/bac6b071-e029-470a-b5fa-4cb66d11eef7.png,MIL,MIL,Armani Olimpia Milan,https://media-cdn.cortextech.io/1dU3kpCqReRp93/1BSdBWIjChWbHH/5c2f0ab6-f86a-4df0-b2f3-f9ab92f7267b.png,2,12.116666666666667,55%,55.1%,4.8%,40%,22%,0.5,7.2%,14.4%,57.6%,14.4%,20%,6.9
64,002676,Arnas Butkevicius,34,https://media-cdn.cortextech.io/1dU3kpCqReRp93/1BSdBWIjCjnONz/30189b7a-3050-4119-9fbb-165978cd8f71.png,ZAL,ZAL,Zalgiris Kaunas,https://media-cdn.incrowdsports.com/0aa09358-3847-4c4e-b228-3582ee4e536d.png,2,18.416666666666668,87.5%,87.5%,12.4%,8.4%,10.3%,0,33.3%,0%,33.3%,33.3%,0%,3
64,013667,Bruno Fernando,28,https://media-cdn.cortextech.io/1dU3kpCqReRp93/1BSdBWIjCjnONz/fc41fa87-3375-43b6-9a1d-f3778bc9f371.png,IST,EFS,Anadolu Efes Istanbul,https://media-cdn.cortextech.io/1dU3kpCqReRp93/1BSdBWIjCgOCxM/a844756c-a58d-4666-93b8-48f7337bc79d.png,2,18.166666666666668,87.5%,87.5%,3.3%,20.6%,11.8%,0,0%,20%,80%,0%,0%,5
64,012731,Mbaye Ndiaye,27,https://media-cdn.cortextech.io/1dU3kpCqReRp93/1BSdBWIjCjnONy/df9f4f8d-6000-4fe4-a5fe-b463326723c4.png,OLY,OLY,Olympiacos Piraeus,https://media-cdn.incrowdsports.com/789423ac-3cdf-4b89-b11c-b458aa5f59a6.png,2,13.091666666666667,100%,91.8%,0%,0%,0%,0,0%,22%,44.1%,0%,175%,4.5
68,014732,Marjon Beauchamp,26,https://media-cdn.cortextech.io/1dU3kpCqReRp93/1BSdBWIjCjnONy/7b8d3aed-53c1-4122-8acb-35ea464443e5.png,MUN,BAY,FC Bayern Munich,https://media-cdn.incrowdsports.com/817b0e58-d595-4b09-ab0b-1e7cc26249ff.png,2,21.341666666666665,43.8%,45.6%,0%,13.8%,7.2%,1.7,20.5%,12.3%,40.9%,24.5%,6.2%,12.2
68,014027,Mamadi Diakite,29,https://media-cdn.cortextech.io/1dU3kpCqReRp93/1BSdBWIjCjnONy/56f6929b-4dc8-4b27-8241-52186ffe2f52.png,DUB,DUB,Dubai Basketball,https://media-cdn.incrowdsports.com/1efae090-16e2-4963-ae47-4b94f249c244.png,2,15.65,78.6%,82.5%,0%,6.8%,3.8%,1.5,23.3%,15.5%,15.5%,38.8%,28.6%,6.4
68,014735,Chris Duarte,29,https://media-cdn.cortextech.io/1dU3kpCqReRp93/1BSdBWIjCjnONy/c7dd4e15-a679-4f8e-8891-168c6aef086f.png,BAS,KBA,Baskonia Vitoria-Gasteiz,https://media-cdn.cortextech.io/cbc49cb0-99ce-4462-bdb7-56983ee03cf4.png,2,20.608333333333334,38.1%,41.1%,6.8%,14.5%,10.1%,1,10.8%,10.8%,39.5%,35.9%,9.5%,13.9
68,011194,Filip Petrusev,26,https://media-cdn.cortextech.io/1dU3kpCqReRp93/1BSdBWIjCjnONy/12d855f3-30b7-4c5c-8078-91fe394bd701.png,DUB,DUB,Dubai Basketball,https://media-cdn.incrowdsports.com/1efae090-16e2-4963-ae47-4b94f249c244.png,2,12.758333333333333,41.7%,50.9%,10.3%,25.1%,18.4%,0,22.5%,0%,56.3%,11.3%,33.3%,4.4
68,010393,Jaime Pradilla,25,https://media-cdn.cortextech.io/1dU3kpCqReRp93/1BSdBWIjCjnONy/b0854c40-4237-4e52-abd4-e3a4e485284f.png,MAD,RMB,Real Madrid,https://media-cdn.incrowdsports.com/371b0d9b-9250-4c09-bda7-0686cf024657.png,2,15.266666666666667,58.3%,65.4%,0%,10.5%,5.5%,0,22.5%,0%,33.8%,33.8%,33.3%,4.4
68,006643,Josep Puerto,27,https://media-cdn.cortextech.io/1dU3kpCqReRp93/1BSdBWIjCjnONy/d1c5ad9a-5349-4738-a9e3-8f46f48e26ed.png,PAM,VBC,Valencia Basket,https://media-cdn.cortextech.io/1dU3kpCqReRp93/1BSdBWIjChWbHL/bc3e00b2-fea4-40be-a7ec-1e633129bde3.png,2,14.158333333333333,78.6%,82.5%,3.8%,8%,5.8%,1,10.1%,10.1%,20.2%,50.6%,28.6%,4.9
74,013402,Antonio Blakeney,30,https://media-cdn.cortextech.io/1dU3kpCqReRp93/1BSdBWIjCjnOS3/106944f7-27db-4406-ac08-ed59628d5191.png,HTA,HTA,Hapoel Tel Aviv,https://media-cdn.incrowdsports.com/cbb1c3ad-03d5-426a-b5ef-2832a4eee484.png,2,26.391666666666666,37%,44.1%,0%,7.9%,3.8%,3,10%,3.3%,29.9%,46.5%,30.4%,15
74,012707,Marcus Carr,27,https://media-cdn.cortextech.io/1dU3kpCqReRp93/1BSdBWIjCjnONz/3c9492d7-56e9-4a4e-9d49-8d6c7c20b2c7.png,VIR,VIR,Virtus Bologna,https://media-cdn.cortextech.io/1dU3kpCqReRp93/1BSdBWIjCiezvk/a92d4c3b-9f9c-4163-8a10-bcf8fc15893e.png,2,21.458333333333332,40%,41.1%,0%,4.8%,2.4%,4.3,30.4%,7%,42.1%,16.4%,16%,21.4
74,011305,Tyson Carter,28,https://media-cdn.cortextech.io/1dU3kpCqReRp93/1BSdBWIjCjnONz/d37da46b-3d80-49da-b17f-da29dc096626.png,RED,CZV,Crvena Zvezda Meridianbet Belgrade,https://media-cdn.incrowdsports.com/d2eef4a8-62df-4fdd-9076-276004268515.png,2,17.633333333333333,57.7%,57.7%,0%,13.8%,6.5%,3,17.6%,5.9%,35.3%,41.2%,0%,8.5
74,013367,Trent Forrest,28,https://media-cdn.cortextech.io/1dU3kpCqReRp93/1BSdBWIjCjnONy/ecddbfd3-de63-4853-8edd-e177eb099698.png,ULK,FBT,Fenerbahce Istanbul,https://media-cdn.cortextech.io/1dU3kpCqReRp93/1BSdBWIjCiezrk/aa39750a-6203-49ee-a87d-edd0c6f0397d.png,2,22.058333333333334,38.9%,40.5%,10.7%,7.8%,9.2%,6,35.5%,5.9%,29.6%,23.7%,22.2%,8.4
74,014029,Ebuka Izundu,30,https://media-cdn.cortextech.io/1dU3kpCqReRp93/1BSdBWIjCjnONz/edc21d49-0112-45b4-b4ab-e5496c5c1600.png,RED,CZV,Crvena Zvezda Meridianbet Belgrade,https://media-cdn.incrowdsports.com/d2eef4a8-62df-4fdd-9076-276004268515.png,2,16.133333333333333,30.8%,38.4%,24.3%,12.1%,18.5%,0,0%,0%,83.1%,0%,46.2%,7.8
74,012613,Mikael Jantunen,26,https://media-cdn.cortextech.io/1dU3kpCqReRp93/1BSdBWIjCjnONy/10bea46c-6970-4540-be9a-e6ef97ea0121.png,MAD,RMB,Real Madrid,https://media-cdn.incrowdsports.com/371b0d9b-9250-4c09-bda7-0686cf024657.png,2,19.333333333333332,53.6%,57.1%,3.1%,8.3%,5.8%,0,11.8%,0%,29.6%,53.3%,14.3%,8.4
74,014115,Omari Moore,26,https://media-cdn.cortextech.io/1dU3kpCqReRp93/1BSdBWIjCjnONy/68732c89-3262-41af-abe0-0798fbb5f77f.png,PAM,VBC,Valencia Basket,https://media-cdn.cortextech.io/1dU3kpCqReRp93/1BSdBWIjChWbHL/bc3e00b2-fea4-40be-a7ec-1e633129bde3.png,2,16.333333333333332,33.3%,36.8%,19.6%,6.9%,13.4%,4,30.4%,7.6%,53.2%,3.8%,20%,13.2
74,014008,Justin Robinson,29,https://media-cdn.cortextech.io/1dU3kpCqReRp93/1BSdBWIjCjnONz/d326f31e-8ffc-40bb-8d8f-ad41f16d794e.png,BAR,BAR,FC Barcelona,https://media-cdn.incrowdsports.com/35dfa503-e417-481f-963a-bdf6f013763e.png,2,18.5,50%,53.9%,0%,12.2%,5.2%,2.3,27.2%,11.6%,15.5%,38.8%,28.6%,12.9
74,011078,Darius Thompson,31,https://media-cdn.cortextech.io/1dU3kpCqReRp93/1BSdBWIjCjnONy/cd27e6f7-5e0b-45ac-a3e9-6f2c60adb886.png,MIL,MIL,Armani Olimpia Milan,https://media-cdn.cortextech.io/1dU3kpCqReRp93/1BSdBWIjChWbHH/5c2f0ab6-f86a-4df0-b2f3-f9ab92f7267b.png,2,21.166666666666668,64.3%,65.8%,0%,0%,0%,1.3,18.7%,14%,37.3%,28%,7.1%,10.7
83,011981,Tyrique Jones,29,https://media-cdn.cortextech.io/1dU3kpCqReRp93/1BSdBWIjCjnONy/d4eeb2e8-2276-4d18-8ba5-1c4a7cbd6bc7.png,OLY,OLY,Olympiacos Piraeus,https://media-cdn.incrowdsports.com/789423ac-3cdf-4b89-b11c-b458aa5f59a6.png,2,14.025,50%,58.1%,19.7%,14.1%,16.4%,0.5,5.7%,11.3%,68%,0%,50%,8.8
83,012700,Dj Stewart,27,https://media-cdn.cortextech.io/1dU3kpCqReRp93/1BSdBWIjCjnONy/3227ae52-09cc-4723-a410-4cc76c99a30b.png,BAS,KBA,Baskonia Vitoria-Gasteiz,https://media-cdn.cortextech.io/cbc49cb0-99ce-4462-bdb7-56983ee03cf4.png,2,24.275,47.6%,50.3%,3.8%,2.5%,3.2%,2,14.3%,7.2%,43%,32.3%,9.5%,13.9
85,004888,Will Clyburn,36,https://media-cdn.cortextech.io/1dU3kpCqReRp93/1BSdBWIjCjnONy/62a8ca97-d805-4218-adc6-26d09c7d9daa.png,ULK,FBT,Fenerbahce Istanbul,https://media-cdn.cortextech.io/1dU3kpCqReRp93/1BSdBWIjCiezrk/aa39750a-6203-49ee-a87d-edd0c6f0397d.png,2,18.625,32.1%,45.1%,0%,12.3%,6.2%,3,14.5%,4.8%,33.9%,33.9%,42.9%,10.3
85,015029,Trent Frazier,28,https://media-cdn.cortextech.io/1dU3kpCqReRp93/1BSdBWIjCjnONz/b8414f77-acc5-4101-bec2-522b8eca7002.png,VIR,VIR,Virtus Bologna,https://media-cdn.cortextech.io/1dU3kpCqReRp93/1BSdBWIjCiezvk/a92d4c3b-9f9c-4163-8a10-bcf8fc15893e.png,2,20.733333333333334,25%,36.3%,2.5%,15%,8.8%,2.7,25.3%,9.5%,22.1%,34.8%,33.3%,15.8
85,011196,Donta Hall,29,https://media-cdn.cortextech.io/1dU3kpCqReRp93/1BSdBWIjCjnONy/ad2ae42b-2dcc-45ef-8b68-58484364d4af.png,OLY,OLY,Olympiacos Piraeus,https://media-cdn.incrowdsports.com/789423ac-3cdf-4b89-b11c-b458aa5f59a6.png,2,19.766666666666666,40%,42.5%,17.4%,12.5%,14.6%,4,36.8%,9.2%,46%,0%,40%,5.4
85,010545,Neal Sako,28,https://media-cdn.cortextech.io/1dU3kpCqReRp93/1BSdBWIjCjnONy/abd62f56-26d6-4f58-aa4e-54d9c2606c55.png,PAM,VBC,Valencia Basket,https://media-cdn.cortextech.io/1dU3kpCqReRp93/1BSdBWIjChWbHL/bc3e00b2-fea4-40be-a7ec-1e633129bde3.png,2,14.3,66.7%,65.1%,3.7%,23.6%,13.4%,1.3,22.5%,16.9%,50.7%,0%,44.4%,8.9
85,007831,Shavon Shields,32,https://media-cdn.cortextech.io/1dU3kpCqReRp93/1BSdBWIjCjnONy/696f7e80-c1c7-41d6-a64c-c187bdd6ed4d.png,ULK,FBT,Fenerbahce Istanbul,https://media-cdn.cortextech.io/1dU3kpCqReRp93/1BSdBWIjCiezrk/aa39750a-6203-49ee-a87d-edd0c6f0397d.png,2,22.266666666666666,45.5%,55%,0%,12.8%,6.5%,3,17%,5.7%,45.4%,17%,54.5%,8.8
90,012742,Pj Dozier,30,https://media-cdn.cortextech.io/1dU3kpCqReRp93/1BSdBWIjCjnONz/92da8264-e1f6-434c-9923-a86d51b3affd.png,IST,EFS,Anadolu Efes Istanbul,https://media-cdn.cortextech.io/1dU3kpCqReRp93/1BSdBWIjCgOCxM/a844756c-a58d-4666-93b8-48f7337bc79d.png,2,15.783333333333333,56.7%,62.6%,7.6%,7.9%,7.7%,1.5,13.8%,9.2%,36.8%,32.2%,26.7%,10.9
90,006896,Ignas Sargiunas,27,https://media-cdn.cortextech.io/1dU3kpCqReRp93/1BSdBWIjCjnONy/61f0148f-2f1f-4fc2-885c-c26b959001a5.png,ULK,FBT,Fenerbahce Istanbul,https://media-cdn.cortextech.io/1dU3kpCqReRp93/1BSdBWIjCiezrk/aa39750a-6203-49ee-a87d-edd0c6f0397d.png,2,16.816666666666666,72.2%,75.9%,3.5%,6.8%,5.2%,2.5,29.6%,11.8%,35.5%,17.8%,22.2%,8.4
90,015139,Stanley Umude,27,https://media-cdn.cortextech.io/1dU3kpCqReRp93/1BSdBWIjCjnONz/b8113804-254a-4e2c-a6b8-08cc6f2d4393.png,BAR,BAR,FC Barcelona,https://media-cdn.incrowdsports.com/35dfa503-e417-481f-963a-bdf6f013763e.png,2,15.341666666666667,50%,49.3%,10.9%,14.8%,12.5%,0,11.6%,0%,52.3%,23.3%,38.5%,8.6
93,014102,Kai Jones,25,https://media-cdn.cortextech.io/1dU3kpCqReRp93/1BSdBWIjCjnONz/f6863e93-e184-46e1-bae5-00166020bd7f.png,IST,EFS,Anadolu Efes Istanbul,https://media-cdn.cortextech.io/1dU3kpCqReRp93/1BSdBWIjCgOCxM/a844756c-a58d-4666-93b8-48f7337bc79d.png,2,16.775,75%,78.8%,10.7%,18.6%,14.6%,1,15.5%,15.5%,62.1%,0%,25%,3.2
93,005791,Walter Tavares,34,https://media-cdn.cortextech.io/1dU3kpCqReRp93/1BSdBWIjCjnONy/741a7c56-5df6-4b34-a1b5-7dc4c49cc98d.png,MAD,RMB,Real Madrid,https://media-cdn.incrowdsports.com/371b0d9b-9250-4c09-bda7-0686cf024657.png,2,21.558333333333334,72.7%,72.7%,11.1%,17.3%,14.4%,0,0%,31.2%,68.8%,0%,0%,8
95,013380,Evan Fournier,34,https://media-cdn.cortextech.io/1dU3kpCqReRp93/1BSdBWIjCjnONy/8294e767-cda1-4ff8-baf4-92ecdd9a919d.png,OLY,OLY,Olympiacos Piraeus,https://media-cdn.incrowdsports.com/789423ac-3cdf-4b89-b11c-b458aa5f59a6.png,2,22.458333333333332,58.3%,63%,0%,4.4%,2.6%,1,11.3%,11.3%,33.8%,33.8%,33.3%,13.3
95,011214,Jasiel Rivero,33,https://media-cdn.cortextech.io/1dU3kpCqReRp93/1BSdBWIjCjnONy/846bcba4-d936-4a76-964c-2a38b7f543da.png,PAM,VBC,Valencia Basket,https://media-cdn.cortextech.io/1dU3kpCqReRp93/1BSdBWIjChWbHL/bc3e00b2-fea4-40be-a7ec-1e633129bde3.png,2,15.683333333333334,58.3%,68.3%,10.2%,10.8%,10.5%,0.5,5.7%,11.3%,56.7%,11.3%,50%,8.8
97,007519,Rokas Jokubaitis,26,https://media-cdn.cortextech.io/1dU3kpCqReRp93/1BSdBWIjCjnONy/03d55f7c-60e5-4129-9024-38b32702d9fa.png,MUN,BAY,FC Bayern Munich,https://media-cdn.incrowdsports.com/817b0e58-d595-4b09-ab0b-1e7cc26249ff.png,2,18.833333333333332,39.3%,50.1%,0%,6.2%,3.3%,9,32.2%,3.6%,35.8%,14.3%,64.3%,14
97,014737,Wendell Moore,25,https://media-cdn.cortextech.io/1dU3kpCqReRp93/1BSdBWIjCjnONz/2d92fbef-34d7-4af0-8786-eda390ffbb6a.png,VIR,VIR,Virtus Bologna,https://media-cdn.cortextech.io/1dU3kpCqReRp93/1BSdBWIjCiezvk/a92d4c3b-9f9c-4163-8a10-bcf8fc15893e.png,2,24.425,53.1%,57.7%,4.3%,17%,10.6%,0.5,4.7%,9.4%,47.2%,28.3%,31.2%,10.6
97,011982,Semi Ojeleye,32,https://media-cdn.cortextech.io/1dU3kpCqReRp93/1BSdBWIjCjnONz/734ca587-f81e-4974-985f-3857a1a66bf8.png,RED,CZV,Crvena Zvezda Meridianbet Belgrade,https://media-cdn.incrowdsports.com/d2eef4a8-62df-4fdd-9076-276004268515.png,2,25.916666666666668,45.5%,49.2%,8.4%,18.8%,13.3%,2,20.8%,10.4%,31.2%,26%,45.5%,9.6
100,014168,Braxton Key,29,https://media-cdn.cortextech.io/1dU3kpCqReRp93/1BSdBWIjCjnONy/3f004905-928d-4e58-a51f-a19b0aa852e5.png,ULK,FBT,Fenerbahce Istanbul,https://media-cdn.cortextech.io/1dU3kpCqReRp93/1BSdBWIjCiezrk/aa39750a-6203-49ee-a87d-edd0c6f0397d.png,2,23.025,62.5%,61.1%,17.9%,19.9%,18.9%,1.3,22.7%,17%,45.4%,0%,75%,8.8
100,002849,Nicolo Melli,35,https://media-cdn.cortextech.io/1dU3kpCqReRp93/1BSdBWIjCjnONy/fbee5e3e-f8f5-4393-827b-4a3ddefeaa88.png,ULK,FBT,Fenerbahce Istanbul,https://media-cdn.cortextech.io/1dU3kpCqReRp93/1BSdBWIjCiezrk/aa39750a-6203-49ee-a87d-edd0c6f0397d.png,2,21.75,75%,75%,2.7%,18.4%,10.7%,1,14.3%,14.3%,35.7%,35.7%,0%,7
100,012201,Chima Moneke,31,https://media-cdn.cortextech.io/1dU3kpCqReRp93/1BSdBWIjCjnONz/08270e7f-2a17-43ae-a234-5b83ebc80a63.png,RED,CZV,Crvena Zvezda Meridianbet Belgrade,https://media-cdn.incrowdsports.com/d2eef4a8-62df-4fdd-9076-276004268515.png,2,22.033333333333335,46.7%,51%,9.9%,11.1%,10.4%,0,10.2%,0%,40.7%,35.6%,40%,9.8
100,013363,Jordan Nwora,28,https://media-cdn.cortextech.io/1dU3kpCqReRp93/1BSdBWIjCjnONz/9398d5d9-12c5-4b31-8cd6-5a8ab6e253fb.png,RED,CZV,Crvena Zvezda Meridianbet Belgrade,https://media-cdn.incrowdsports.com/d2eef4a8-62df-4fdd-9076-276004268515.png,2,22.841666666666665,31.6%,44.9%,1.9%,19.2%,10.1%,1,6.8%,6.8%,50.7%,13.5%,78.9%,14.8
100,010581,Dylan Osetkowski,30,https://media-cdn.cortextech.io/1dU3kpCqReRp93/1BSdBWIjCjnONy/77868a0a-7b7e-4fd9-82a0-fd766388f479.png,PAM,VBC,Valencia Basket,https://media-cdn.cortextech.io/1dU3kpCqReRp93/1BSdBWIjChWbHL/bc3e00b2-fea4-40be-a7ec-1e633129bde3.png,2,18.583333333333332,71.4%,78.1%,5.7%,30.3%,17.7%,0,10.7%,0%,32.2%,42.9%,42.9%,4.7
100,008099,Matthew Strazel,24,https://media-cdn.cortextech.io/1dU3kpCqReRp93/1BSdBWIjCjnONz/d299652d-429d-4226-89d6-8286c61c0533.png,IST,EFS,Anadolu Efes Istanbul,https://media-cdn.cortextech.io/1dU3kpCqReRp93/1BSdBWIjCgOCxM/a844756c-a58d-4666-93b8-48f7337bc79d.png,2,23.458333333333332,39.5%,53.5%,0%,13.3%,6.5%,1.8,19.8%,11.3%,28.3%,25.5%,63.2%,17.6
106,005928,Facundo Campazzo,35,https://media-cdn.cortextech.io/1dU3kpCqReRp93/1BSdBWIjCjnONy/76403e82-85ef-455e-a8d9-1ed4d2858efe.png,MAD,RMB,Real Madrid,https://media-cdn.incrowdsports.com/371b0d9b-9250-4c09-bda7-0686cf024657.png,2,20.308333333333334,50%,55.7%,5.9%,7.9%,6.9%,0.8,16.3%,19.5%,35.8%,22.8%,22.2%,15.4
106,011987,Carsen Edwards,28,https://media-cdn.cortextech.io/1dU3kpCqReRp93/1BSdBWIjCjnONz/bbb31a52-7c6a-4536-9039-9899b5c0f4f8.png,ZAL,ZAL,Zalgiris Kaunas,https://media-cdn.incrowdsports.com/0aa09358-3847-4c4e-b228-3582ee4e536d.png,2,21.358333333333334,50%,55.3%,0%,2.4%,1.3%,1.3,12%,9%,45.2%,27.1%,20.8%,16.6
106,011284,Kenneth Faried,37,https://media-cdn.cortextech.io/1dU3kpCqReRp93/1BSdBWIjCjnONy/b0840890-3358-47e0-9672-0ef3c5172b90.png,BAS,KBA,Baskonia Vitoria-Gasteiz,https://media-cdn.cortextech.io/cbc49cb0-99ce-4462-bdb7-56983ee03cf4.png,2,20.425,67.9%,67.2%,9.1%,11.7%,10.2%,0,0%,11.8%,71.1%,11.8%,14.3%,8.4
106,011247,Andres Feliz,29,https://media-cdn.cortextech.io/1dU3kpCqReRp93/1BSdBWIjCjnONy/f1b18434-916a-4d6b-95f4-daa88e901887.png,MAD,RMB,Real Madrid,https://media-cdn.incrowdsports.com/371b0d9b-9250-4c09-bda7-0686cf024657.png,2,20.85,50%,53.5%,2.9%,17.9%,10.8%,2.2,29.3%,13%,42.3%,9.8%,25%,15.4
110,004508,Andreas Obst,30,https://media-cdn.cortextech.io/1dU3kpCqReRp93/1BSdBWIjCjnONy/735bad25-9548-4914-ab3b-81729ee9d61c.png,MUN,BAY,FC Bayern Munich,https://media-cdn.incrowdsports.com/817b0e58-d595-4b09-ab0b-1e7cc26249ff.png,2,24.716666666666665,82.1%,83.3%,0%,4.8%,2.5%,2,10.4%,5.2%,26%,46.9%,35.7%,9.6
110,011212,Elie Okobo,29,https://media-cdn.cortextech.io/1dU3kpCqReRp93/1BSdBWIjCjnONy/a55f9e28-d54a-439e-9333-6a685dd7d798.png,DUB,DUB,Dubai Basketball,https://media-cdn.incrowdsports.com/1efae090-16e2-4963-ae47-4b94f249c244.png,2,28.875,38.5%,51.5%,2.3%,9.2%,6.1%,5,35.1%,7%,31.6%,14%,61.5%,14.3
112,013384,Armoni Brooks,28,https://media-cdn.cortextech.io/1dU3kpCqReRp93/1BSdBWIjCjnONy/5d219537-9bfc-443e-a3a7-cb8cb997c849.png,PAM,VBC,Valencia Basket,https://media-cdn.cortextech.io/1dU3kpCqReRp93/1BSdBWIjChWbHL/bc3e00b2-fea4-40be-a7ec-1e633129bde3.png,2,20.808333333333334,65%,64.7%,2.6%,13.5%,7.9%,1.7,17.3%,10.4%,24.2%,45%,10%,14.4
112,014416,Kessler Edwards,26,https://media-cdn.cortextech.io/1dU3kpCqReRp93/1BSdBWIjCjnONz/2a8752bb-1e79-44fb-9f45-1f0ebcfb7465.png,VIR,VIR,Virtus Bologna,https://media-cdn.cortextech.io/1dU3kpCqReRp93/1BSdBWIjCiezvk/a92d4c3b-9f9c-4163-8a10-bcf8fc15893e.png,2,24.9,100%,100%,2.1%,25%,13.6%,2,28.6%,14.3%,14.3%,42.9%,0%,3.5
112,008829,Alec Peters,31,https://media-cdn.cortextech.io/1dU3kpCqReRp93/1BSdBWIjCjnONy/246ecdad-02e8-4cd5-8fe2-4d2cc3a57d3d.png,MIL,MIL,Armani Olimpia Milan,https://media-cdn.cortextech.io/1dU3kpCqReRp93/1BSdBWIjChWbHH/5c2f0ab6-f86a-4df0-b2f3-f9ab92f7267b.png,2,26.641666666666666,47.1%,58.5%,4.4%,11.4%,7.8%,0.5,4.3%,8.5%,51%,21.3%,47.1%,11.8
112,007201,Johannes Voigtmann,34,https://media-cdn.cortextech.io/1dU3kpCqReRp93/1BSdBWIjCjnONy/28518dcb-f41d-4ea7-b76c-8217072ca3d2.png,MUN,BAY,FC Bayern Munich,https://media-cdn.incrowdsports.com/817b0e58-d595-4b09-ab0b-1e7cc26249ff.png,2,17.266666666666666,100%,95.5%,11.2%,23.8%,17.8%,0,46.5%,0%,9.3%,27.9%,100%,5.4
112,012610,Tyson Ward,29,https://media-cdn.cortextech.io/1dU3kpCqReRp93/1BSdBWIjCjnONy/d47af427-fc27-4cdd-9e0a-139476098ec6.png,OLY,OLY,Olympiacos Piraeus,https://media-cdn.incrowdsports.com/789423ac-3cdf-4b89-b11c-b458aa5f59a6.png,2,24.65,57.7%,67.1%,8.4%,10%,9.3%,1.5,14.5%,9.7%,33.9%,29.1%,46.2%,10.3
112,012606,Mckinley Wright IV,28,https://media-cdn.cortextech.io/1dU3kpCqReRp93/1BSdBWIjCjnONy/ed6dcc8c-2978-4685-aaf8-de47979d3440.png,DUB,DUB,Dubai Basketball,https://media-cdn.incrowdsports.com/1efae090-16e2-4963-ae47-4b94f249c244.png,2,25.8,75%,76.1%,7.6%,8.3%,8%,1.2,21.4%,17.8%,32.1%,17.8%,50%,14
112,012878,Moses Wright,28,https://media-cdn.cortextech.io/1dU3kpCqReRp93/1BSdBWIjCjnONy/44aa0f82-0341-41b1-97e4-e1ff901f8578.png,MIL,MIL,Armani Olimpia Milan,https://media-cdn.cortextech.io/1dU3kpCqReRp93/1BSdBWIjChWbHH/5c2f0ab6-f86a-4df0-b2f3-f9ab92f7267b.png,2,26.816666666666666,60%,65%,13%,18.1%,15.5%,0.5,13.6%,27.2%,40.8%,4.5%,70%,11
119,012720,Sterling Brown,31,https://media-cdn.cortextech.io/1dU3kpCqReRp93/1BSdBWIjCjnONz/d3819345-099e-4a06-8c2a-399d94b9766e.png,ZAL,ZAL,Zalgiris Kaunas,https://media-cdn.incrowdsports.com/0aa09358-3847-4c4e-b228-3582ee4e536d.png,2,19.7,92.9%,95.2%,0%,5.2%,2.7%,0,0%,16%,26.7%,48%,28.6%,9.4
119,011205,Devon Hall,31,https://media-cdn.cortextech.io/1dU3kpCqReRp93/1BSdBWIjCjnONy/f1f593da-33f7-4d2f-a4f7-7b8ec129e4ad.png,MIL,MIL,Armani Olimpia Milan,https://media-cdn.cortextech.io/1dU3kpCqReRp93/1BSdBWIjChWbHH/5c2f0ab6-f86a-4df0-b2f3-f9ab92f7267b.png,2,25.391666666666666,63.9%,66.2%,2.3%,11.9%,7%,2,16.1%,8%,40.2%,32.2%,11.1%,12.4
119,008987,Zach Leday,32,https://media-cdn.cortextech.io/1dU3kpCqReRp93/1BSdBWIjCjnOS3/637ca732-ad9c-44e2-97b6-37ac6f19deda.png,HTA,HTA,Hapoel Tel Aviv,https://media-cdn.incrowdsports.com/cbb1c3ad-03d5-426a-b5ef-2832a4eee484.png,2,17.166666666666668,62.5%,70.4%,5.8%,18.2%,11.8%,0,0%,12.3%,43.2%,30.9%,41.7%,8.1
122,013855,Umoja Gibson,28,https://media-cdn.cortextech.io/1dU3kpCqReRp93/1BSdBWIjCjnONz/953aae61-f795-4df6-b558-ea91b4f9d7e5.png,BAR,BAR,FC Barcelona,https://media-cdn.incrowdsports.com/35dfa503-e417-481f-963a-bdf6f013763e.png,2,21.5,68.8%,68.8%,7.8%,17.6%,11.9%,2,18.2%,9.1%,27.3%,45.5%,0%,11
123,014163,Jared Butler,26,https://media-cdn.cortextech.io/1dU3kpCqReRp93/1BSdBWIjCjnONz/df3943a2-33b5-43e8-9922-bc85f4c4c84e.png,RED,CZV,Crvena Zvezda Meridianbet Belgrade,https://media-cdn.incrowdsports.com/d2eef4a8-62df-4fdd-9076-276004268515.png,2,17.991666666666667,63%,64%,4.8%,5.4%,5.1%,6,19.7%,3.3%,29.6%,46%,4.3%,15.2
123,004004,Marko Guduric,31,https://media-cdn.cortextech.io/1dU3kpCqReRp93/1BSdBWIjCjnONy/afc60d0e-cb89-47a5-969c-95d4c14d883b.png,MIL,MIL,Armani Olimpia Milan,https://media-cdn.cortextech.io/1dU3kpCqReRp93/1BSdBWIjChWbHH/5c2f0ab6-f86a-4df0-b2f3-f9ab92f7267b.png,2,27.95,62%,62%,6.2%,8.7%,7.4%,3.5,20.6%,5.9%,35.3%,38.2%,0%,17
123,007027,Theo Maledon,25,https://media-cdn.cortextech.io/1dU3kpCqReRp93/1BSdBWIjCjnONy/e8d4ca4d-ec7c-4c52-a066-a418b3560d55.png,MAD,RMB,Real Madrid,https://media-cdn.incrowdsports.com/371b0d9b-9250-4c09-bda7-0686cf024657.png,2,21.375,40%,51.5%,5.6%,15%,10.5%,2.8,32%,11.6%,32%,11.6%,66.7%,17.2
126,007553,Olek Balcerowski,26,https://media-cdn.cortextech.io/1dU3kpCqReRp93/1BSdBWIjCjnONz/98c4a713-a23c-48ab-9b5f-a85e335713e6.png,BAR,BAR,FC Barcelona,https://media-cdn.incrowdsports.com/35dfa503-e417-481f-963a-bdf6f013763e.png,2,22.608333333333334,66.7%,79.9%,7.4%,13.4%,9.9%,4,22.8%,5.7%,51.4%,0%,88.9%,8.8
127,014734,A.j. Lawson,26,https://media-cdn.cortextech.io/1dU3kpCqReRp93/1BSdBWIjCjnONy/a9426b8e-4e4a-4d16-ae5c-c14540a8f11f.png,BAS,KBA,Baskonia Vitoria-Gasteiz,https://media-cdn.cortextech.io/cbc49cb0-99ce-4462-bdb7-56983ee03cf4.png,2,24.15,57.1%,63.9%,3.9%,9.9%,6.5%,4,13%,3.2%,22.7%,45.4%,52.4%,15.4
127,011217,Kameron Taylor,32,https://media-cdn.cortextech.io/1dU3kpCqReRp93/1BSdBWIjCjnONy/3b0e8ccd-7ede-4942-9275-87284f367e54.png,PAM,VBC,Valencia Basket,https://media-cdn.cortextech.io/1dU3kpCqReRp93/1BSdBWIjChWbHL/bc3e00b2-fea4-40be-a7ec-1e633129bde3.png,2,20.85,83.3%,80.4%,2.6%,27%,14.5%,2.5,27.5%,11%,44%,5.5%,55.6%,9.1
127,003958,Johannes Thiemann,32,https://media-cdn.cortextech.io/1dU3kpCqReRp93/1BSdBWIjCjnONy/433d3d49-72bc-4d2e-b2e4-7e0af18677d6.png,MUN,BAY,FC Bayern Munich,https://media-cdn.incrowdsports.com/817b0e58-d595-4b09-ab0b-1e7cc26249ff.png,2,17.966666666666665,50%,58.5%,14.4%,26.2%,20.6%,1,9.5%,9.5%,47.4%,19%,50%,10.5
130,010568,Chris Jones,33,https://media-cdn.cortextech.io/1dU3kpCqReRp93/1BSdBWIjCjnONz/2c65eadb-a044-456e-ba03-db9c4790c25d.png,RED,CZV,Crvena Zvezda Meridianbet Belgrade,https://media-cdn.incrowdsports.com/d2eef4a8-62df-4fdd-9076-276004268515.png,2,18.15,60.7%,66.6%,2.4%,5.4%,3.8%,6,40.3%,6.7%,30.2%,16.8%,28.6%,14.9
131,014108,Aliou Diarra,25,https://media-cdn.cortextech.io/1dU3kpCqReRp93/1BSdBWIjCjnONz/622f5afe-0cda-41b3-8e86-f73efd580d9a.png,VIR,VIR,Virtus Bologna,https://media-cdn.cortextech.io/1dU3kpCqReRp93/1BSdBWIjCiezvk/a92d4c3b-9f9c-4163-8a10-bcf8fc15893e.png,2,22.458333333333332,64.3%,69.1%,4.6%,13.9%,9.3%,1,5.4%,5.4%,75.1%,0%,42.9%,9.3
132,007230,Tadas Sedekerskis,28,https://media-cdn.cortextech.io/1dU3kpCqReRp93/1BSdBWIjCjnONy/6d9e7b46-0476-4952-bef8-584efabcd9da.png,BAS,KBA,Baskonia Vitoria-Gasteiz,https://media-cdn.cortextech.io/cbc49cb0-99ce-4462-bdb7-56983ee03cf4.png,2,21.075,86.1%,86.1%,6.6%,17%,11.2%,0,0%,0%,66.7%,33.3%,0%,9
133,000796,Nikola Mirotic,35,https://media-cdn.cortextech.io/1dU3kpCqReRp93/1BSdBWIjCjnOS3/462f95d2-206b-4f18-ab15-75db265d6953.png,PAM,VBC,Valencia Basket,https://media-cdn.cortextech.io/1dU3kpCqReRp93/1BSdBWIjChWbHL/bc3e00b2-fea4-40be-a7ec-1e633129bde3.png,2,14.95,65.4%,76.7%,7.1%,18.8%,12.8%,0,5.6%,0%,27.8%,44.5%,69.2%,9
134,009863,Wade Baldwin IV,30,https://media-cdn.cortextech.io/1dU3kpCqReRp93/1BSdBWIjCjnONy/43d87c83-f7d6-4748-bb4b-cb59f5875ee4.png,ULK,FBT,Fenerbahce Istanbul,https://media-cdn.cortextech.io/1dU3kpCqReRp93/1BSdBWIjCiezrk/aa39750a-6203-49ee-a87d-edd0c6f0397d.png,2,20.25,63.3%,67.5%,2.9%,19.8%,11.5%,2.3,36.3%,15.6%,18.2%,20.8%,53.3%,19.3
135,012796,Mfiondu Kabengele,29,https://media-cdn.cortextech.io/1dU3kpCqReRp93/1BSdBWIjCjnONy/c758af2a-bc8d-4e9a-ac62-362597904633.png,DUB,DUB,Dubai Basketball,https://media-cdn.incrowdsports.com/1efae090-16e2-4963-ae47-4b94f249c244.png,2,24.483333333333334,59.5%,63.5%,10.7%,19.6%,15.6%,1,10.1%,10.1%,40.5%,30.4%,28.6%,14.8
135,003112,Dario Saric,32,https://media-cdn.cortextech.io/1dU3kpCqReRp93/1BSdBWIjCjnONz/afdb2e3e-694e-44f2-a8d9-d97aa89dd86e.png,IST,EFS,Anadolu Efes Istanbul,https://media-cdn.cortextech.io/1dU3kpCqReRp93/1BSdBWIjCgOCxM/a844756c-a58d-4666-93b8-48f7337bc79d.png,2,25.691666666666666,57.1%,70%,2.3%,17%,9.5%,2,21.2%,10.6%,24.8%,24.8%,85.7%,14.1
137,009849,Tyler Dorsey,30,https://media-cdn.cortextech.io/1dU3kpCqReRp93/1BSdBWIjCjnONy/6faa6ab7-bfe2-4651-b381-c61e9da117fb.png,OLY,OLY,Olympiacos Piraeus,https://media-cdn.incrowdsports.com/789423ac-3cdf-4b89-b11c-b458aa5f59a6.png,2,21.316666666666666,65.9%,69.8%,3.2%,6.9%,5.4%,1,6.9%,6.9%,30.9%,44.7%,31.8%,14.5
137,005985,Mike James,36,https://media-cdn.cortextech.io/1dU3kpCqReRp93/1BSdBWIjCjnONz/286b3dbb-72aa-4f86-aa59-d254a86448c5.png,IST,EFS,Anadolu Efes Istanbul,https://media-cdn.cortextech.io/1dU3kpCqReRp93/1BSdBWIjCgOCxM/a844756c-a58d-4666-93b8-48f7337bc79d.png,2,31.583333333333332,48.1%,54.1%,0%,11.9%,5.8%,1.5,19.4%,12.9%,40.9%,17.2%,37%,23.2
139,014124,Talen Horton Tucker,26,https://media-cdn.cortextech.io/1dU3kpCqReRp93/1BSdBWIjCjnONy/4c8a9b8b-d490-490a-839f-507390c765c4.png,ULK,FBT,Fenerbahce Istanbul,https://media-cdn.cortextech.io/1dU3kpCqReRp93/1BSdBWIjCiezrk/aa39750a-6203-49ee-a87d-edd0c6f0397d.png,2,21.191666666666666,57.1%,65.3%,5.6%,16.2%,10.9%,2.5,15.9%,6.3%,41.2%,25.4%,38.1%,15.8
139,010042,Jean Montero,23,https://media-cdn.cortextech.io/1dU3kpCqReRp93/1BSdBWIjCjnONy/a67a26a1-5ce5-4dad-801b-a2ca76c83d72.png,OLY,OLY,Olympiacos Piraeus,https://media-cdn.incrowdsports.com/789423ac-3cdf-4b89-b11c-b458aa5f59a6.png,2,23.541666666666668,47.6%,58%,5.9%,12.6%,9.8%,2.4,28%,11.7%,30.3%,18.7%,52.4%,21.4
139,012608,Tj Shorts,29,https://media-cdn.cortextech.io/1dU3kpCqReRp93/1BSdBWIjCjnONy/9fa5bf1b-8cb1-4875-8ac7-42ec4173ec8b.png,PAM,VBC,Valencia Basket,https://media-cdn.cortextech.io/1dU3kpCqReRp93/1BSdBWIjChWbHL/bc3e00b2-fea4-40be-a7ec-1e633129bde3.png,2,21.208333333333332,60.7%,63.8%,0%,2.7%,1.3%,4,26.8%,6.7%,55.9%,6.7%,14.3%,22.4
142,012788,Dan Oturu,27,https://media-cdn.cortextech.io/1dU3kpCqReRp93/1BSdBWIjCjnOO0/4f6f71f3-8978-49e7-9c3f-313c81ae0339.png,HTA,HTA,Hapoel Tel Aviv,https://media-cdn.incrowdsports.com/cbb1c3ad-03d5-426a-b5ef-2832a4eee484.png,2,24.141666666666666,75%,68.7%,16.4%,21.5%,18.9%,1,12.4%,12.4%,66.1%,0%,31.2%,12.1
143,009846,Elijah Bryant,31,https://media-cdn.cortextech.io/1dU3kpCqReRp93/1BSdBWIjCjnOS3/059c5027-93b7-4bad-8924-26c9e4819a84.png,HTA,HTA,Hapoel Tel Aviv,https://media-cdn.incrowdsports.com/cbb1c3ad-03d5-426a-b5ef-2832a4eee484.png,2,32.9,42.5%,56.4%,1.5%,17.4%,9.2%,1.8,19.5%,11.2%,36.3%,19.5%,55%,17.9
144,008192,Azuolas Tubelis,24,https://media-cdn.cortextech.io/1dU3kpCqReRp93/1BSdBWIjCjnONz/0f86bd76-5ed2-47f4-b8ef-0bc5a88238d8.png,ZAL,ZAL,Zalgiris Kaunas,https://media-cdn.incrowdsports.com/0aa09358-3847-4c4e-b228-3582ee4e536d.png,2,27.175,54.2%,54.4%,12.6%,24.5%,18.9%,3.5,19.6%,5.6%,58.9%,8.4%,25%,17.8
144,000898,Jonas Valanciunas,34,https://media-cdn.cortextech.io/1dU3kpCqReRp93/1BSdBWIjCjnOS3/45d32050-e6bf-4010-87fb-238db1c6b9ca.png,ZAL,ZAL,Zalgiris Kaunas,https://media-cdn.incrowdsports.com/0aa09358-3847-4c4e-b228-3582ee4e536d.png,2,22.708333333333332,65.6%,69.3%,7.5%,24.8%,16.7%,2.2,29.7%,13.2%,49.5%,3.3%,18.8%,15.2
146,011286,Dwayne Bacon,31,https://media-cdn.cortextech.io/1dU3kpCqReRp93/1BSdBWIjCjnONy/849bf907-264a-4094-b7ea-00d3f048eecb.png,DUB,DUB,Dubai Basketball,https://media-cdn.incrowdsports.com/1efae090-16e2-4963-ae47-4b94f249c244.png,2,27.65,52.3%,65.4%,2.4%,21.2%,12.8%,1.2,13.1%,10.5%,36.8%,21%,72.7%,19
146,009862,Kevin Punter,33,https://media-cdn.cortextech.io/1dU3kpCqReRp93/1BSdBWIjCjnONz/675c5bac-7d19-44f6-944d-3c7373e09f3d.png,BAR,BAR,FC Barcelona,https://media-cdn.incrowdsports.com/35dfa503-e417-481f-963a-bdf6f013763e.png,2,25.416666666666668,73.2%,75%,6.6%,8.9%,7.6%,3,9%,3%,57%,27%,10.7%,16.7
148,003469,Sasha Vezenkov,31,https://media-cdn.cortextech.io/1dU3kpCqReRp93/1BSdBWIjCjnONy/f65c52c5-542f-4796-8dc6-b46cc9a6f3d5.png,OLY,OLY,Olympiacos Piraeus,https://media-cdn.incrowdsports.com/789423ac-3cdf-4b89-b11c-b458aa5f59a6.png,2,21.825,80%,83.5%,12.6%,20.4%,17.1%,1,7.2%,7.2%,68%,3.6%,45%,14
