player_ranking,code,name,age,image_url,team_code,team_tv_codes,team_name,team_image_url,games_played,games_started,minutes_played,points_scored,two_pointers_made,two_pointers_attempted,two_pointers_percentage,three_pointers_made,three_pointers_attempted,three_pointers_percentage,free_throws_made,free_throws_attempted,free_throws_percentage,offensive_rebounds,defensive_rebounds,total_rebounds,assists,steals,turnovers,blocks,blocks_against,fouls_commited,fouls_drawn,pir
1,012080,Timothe Luwawu-Cabarrot,31,https://media-cdn.cortextech.io/1dU3kpCqReRp93/1BSdBWIjCjnONy/894b61b0-9ef5-4796-889d-6cf29eaede45.png,MAD,RMB,Real Madrid,https://media-cdn.incrowdsports.com/371b0d9b-9250-4c09-bda7-0686cf024657.png,2,1,16.175,5.5,1.5,4.5,33.3%,0.5,2.5,20%,1,1,100%,0,0,0,0,0.5,1,0,0.5,2.5,0.5,-2.5
2,007513,Dovydas Giedraitis,26,https://media-cdn.cortextech.io/1dU3kpCqReRp93/1BSdBWIjCjnONz/767fb622-9a2b-4fae-ad01-39b3c64f046b.png,ZAL,ZAL,Zalgiris Kaunas,https://media-cdn.incrowdsports.com/0aa09358-3847-4c4e-b228-3582ee4e536d.png,2,1,10.125,0,0,0,0%,0,0.5,0%,0,0,0%,0,0.5,0.5,1,0,1.5,0,0,1,0.5,-1
3,007032,Maodo Lo,34,https://media-cdn.cortextech.io/1dU3kpCqReRp93/1BSdBWIjCjnONz/b9843075-3b7e-4e22-b4b3-24ab71044c9e.png,ZAL,ZAL,Zalgiris Kaunas,https://media-cdn.incrowdsports.com/0aa09358-3847-4c4e-b228-3582ee4e536d.png,2,0,12.991666666666667,1.5,0,1,0%,0.5,2.5,20%,0,0,0%,0.5,3,3.5,2,0,2.5,0,0.5,1.5,0.5,0
4,009005,Gabriel Deck,31,https://media-cdn.cortextech.io/1dU3kpCqReRp93/1BSdBWIjCjnONy/4f3c13be-3d8d-4479-a430-26600d2aaf76.png,MAD,RMB,Real Madrid,https://media-cdn.incrowdsports.com/371b0d9b-9250-4c09-bda7-0686cf024657.png,2,1,19.191666666666666,1,0.5,0.5,100%,0,1,0%,0,0,0%,0,2,2,0.5,0,1,0,0,1.5,0.5,0.5
5,015138,Tyrese Martin,27,https://media-cdn.cortextech.io/1dU3kpCqReRp93/1BSdBWIjCjnONz/df36712f-78ef-48d7-b1b8-a28fab2554ba.png,BAR,BAR,FC Barcelona,https://media-cdn.incrowdsports.com/35dfa503-e417-481f-963a-bdf6f013763e.png,2,0,21.483333333333334,6,1.5,3.5,42.9%,1,5.5,18.2%,0,0,0%,1,3,4,1,0,1.5,0,0.5,1.5,0,1
6,008186,Marek Blazevic,25,https://media-cdn.cortextech.io/1dU3kpCqReRp93/1BSdBWIjCjnONz/656d0f39-73fb-44a9-8890-1284d8d8489d.png,ZAL,ZAL,Zalgiris Kaunas,https://media-cdn.incrowdsports.com/0aa09358-3847-4c4e-b228-3582ee4e536d.png,2,0,14.4,4.5,2,4.5,44.4%,0,0,0%,0.5,1,50%,1.5,2,3.5,0,0.5,2,0,0.5,2.5,1,1.5
6,015142,Justin Minaya,27,https://media-cdn.cortextech.io/1dU3kpCqReRp93/1BSdBWIjCjnONz/cf6fbd14-c61e-4bb1-bdc6-0f0dd3e6f6e4.png,BAR,BAR,FC Barcelona,https://media-cdn.incrowdsports.com/35dfa503-e417-481f-963a-bdf6f013763e.png,2,1,12.4,1.5,0,0,0%,0.5,0.5,100%,0,0,0%,0,0.5,0.5,0.5,0.5,0,0,0,2,0.5,1.5
6,014731,Davion Mintz,28,https://media-cdn.cortextech.io/1dU3kpCqReRp93/1BSdBWIjCjnONy/0fba911a-e753-4cb6-93d4-cf62eacc203b.png,DUB,DUB,Dubai Basketball,https://media-cdn.incrowdsports.com/1efae090-16e2-4963-ae47-4b94f249c244.png,2,0,10.991666666666667,3,0.5,1.5,33.3%,0.5,2.5,20%,0.5,0.5,100%,1,0,1,1,0,1,0.5,0.5,0.5,1,1.5
9,003458,Davis Bertans,34,https://media-cdn.cortextech.io/1dU3kpCqReRp93/1BSdBWIjCjnONy/3a50124b-7e2e-4716-94c8-7e263a45cff5.png,DUB,DUB,Dubai Basketball,https://media-cdn.incrowdsports.com/1efae090-16e2-4963-ae47-4b94f249c244.png,2,0,12.35,3,0,0,0%,1,2.5,40%,0,0,0%,0,1,1,0,0.5,0,0,0,1.5,0.5,2
9,005368,Santi Yusta,29,https://media-cdn.cortextech.io/1dU3kpCqReRp93/1BSdBWIjCjnONz/9bdd2088-7719-4be5-a88d-99d2dc6aaed2.png,IST,EFS,Anadolu Efes Istanbul,https://media-cdn.cortextech.io/1dU3kpCqReRp93/1BSdBWIjCgOCxM/a844756c-a58d-4666-93b8-48f7337bc79d.png,2,0,8.033333333333333,3.5,1,2,50%,0.5,0.5,100%,0,0,0%,1,0,1,0.5,0,0,0,0.5,1.5,0,2
11,003733,Alberto Abalde,31,https://media-cdn.cortextech.io/1dU3kpCqReRp93/1BSdBWIjCjnONy/f3b04ef8-b127-48a1-9be5-466f7729240c.png,MAD,RMB,Real Madrid,https://media-cdn.incrowdsports.com/371b0d9b-9250-4c09-bda7-0686cf024657.png,2,1,13.475,3,0,2,0%,1,1.5,66.7%,0,0,0%,0.5,1,1.5,2,0,0,0,0,1.5,0,2.5
12,013943,Daron Russell,28,https://media-cdn.cortextech.io/1dU3kpCqReRp93/1BSdBWIjCjnONz/bcca0fec-d463-42c1-942e-4d32eaebec50.png,IST,EFS,Anadolu Efes Istanbul,https://media-cdn.cortextech.io/1dU3kpCqReRp93/1BSdBWIjCgOCxM/a844756c-a58d-4666-93b8-48f7337bc79d.png,2,0,6.558333333333334,4,1,3.5,28.6%,0.5,1.5,33.3%,0.5,0.5,100%,0,1,1,1,1,0.5,0,0,1,1,3
12,001133,Tornike Shengelia,35,https://media-cdn.cortextech.io/1dU3kpCqReRp93/1BSdBWIjCjnONy/4cb07e90-2192-4e12-9b9d-5fb1b565699e.png,DUB,DUB,Dubai Basketball,https://media-cdn.incrowdsports.com/1efae090-16e2-4963-ae47-4b94f249c244.png,2,0,12.95,4.5,1,4.5,22.2%,0.5,1.5,33.3%,1,1,100%,2.5,2.5,5,0.5,0,2,0,0,2,1.5,3
14,009754,Jordan Loyd,33,https://media-cdn.cortextech.io/1dU3kpCqReRp93/1BSdBWIjCjnONz/e404b8ed-9a3b-480e-8b3f-ce49905188b5.png,IST,EFS,Anadolu Efes Istanbul,https://media-cdn.cortextech.io/1dU3kpCqReRp93/1BSdBWIjCgOCxM/a844756c-a58d-4666-93b8-48f7337bc79d.png,2,0,19.341666666666665,7,1.5,3.5,42.9%,1,2.5,40%,1,1,100%,0.5,1.5,2,0.5,0.5,0.5,0,1,3.5,2,3.5
14,009048,Codi Miller-Mcintyre,32,https://media-cdn.cortextech.io/1dU3kpCqReRp93/1BSdBWIjCjnONy/b98b2f04-52a1-4c10-8f29-396df546162b.png,OLY,OLY,Olympiacos Piraeus,https://media-cdn.incrowdsports.com/789423ac-3cdf-4b89-b11c-b458aa5f59a6.png,2,2,16.158333333333335,3,1.5,2,75%,0,2,0%,0,0,0%,0,1.5,1.5,6,0,3,0,0,2.5,1,3.5
14,007464,Joel Parra,26,https://media-cdn.cortextech.io/1dU3kpCqReRp93/1BSdBWIjCjnONz/9a56a310-cebf-4640-ab91-5c7690d16c51.png,BAR,BAR,FC Barcelona,https://media-cdn.incrowdsports.com/35dfa503-e417-481f-963a-bdf6f013763e.png,2,2,26.883333333333333,6.5,1,4,25%,1.5,5,30%,0,0,0%,0.5,2,2.5,2,0.5,0,0.5,1.5,2,1.5,3.5
14,011927,Dustin Sleva,31,https://media-cdn.cortextech.io/1dU3kpCqReRp93/1BSdBWIjCjnONz/f37f7850-396e-44d3-8dcc-c6503a4a76d3.png,ZAL,ZAL,Zalgiris Kaunas,https://media-cdn.incrowdsports.com/0aa09358-3847-4c4e-b228-3582ee4e536d.png,2,0,10.05,3.5,0,0,0%,1,1.5,66.7%,0.5,2,25%,1.5,0.5,2,0.5,0.5,0,0,0,2,1,3.5
18,009992,Dario Brizuela,32,https://media-cdn.cortextech.io/1dU3kpCqReRp93/1BSdBWIjCjnONz/ce0ebb86-2c93-4aa6-8892-9ef1334d2d45.png,BAR,BAR,FC Barcelona,https://media-cdn.incrowdsports.com/35dfa503-e417-481f-963a-bdf6f013763e.png,2,0,18.475,10,2.5,3.5,71.4%,1.5,3.5,42.9%,0.5,1,50%,0,1.5,1.5,0.5,0.5,2.5,0,0,3,0.5,4
18,012710,Ercan Osmani,28,https://media-cdn.cortextech.io/1dU3kpCqReRp93/1BSdBWIjCjnONz/c729041d-5c0b-41be-8118-be3d6ac73cb0.png,IST,EFS,Anadolu Efes Istanbul,https://media-cdn.cortextech.io/1dU3kpCqReRp93/1BSdBWIjCgOCxM/a844756c-a58d-4666-93b8-48f7337bc79d.png,2,0,17.991666666666667,5.5,2.5,4.5,55.6%,0,1.5,0%,0.5,0.5,100%,1,0.5,1.5,1,0,0.5,0,0,1,1,4
18,008855,Thomas Walkup,34,https://media-cdn.cortextech.io/1dU3kpCqReRp93/1BSdBWIjCjnONy/6b597c1d-5917-47f4-84ea-e4a857dc4555.png,DUB,DUB,Dubai Basketball,https://media-cdn.incrowdsports.com/1efae090-16e2-4963-ae47-4b94f249c244.png,2,0,14.116666666666667,5,1,1.5,66.7%,1,3,33.3%,0,0,0%,0,1.5,1.5,2,0,1,0,0.5,1,0.5,4
21,015103,Damian Jones,31,https://media-cdn.cortextech.io/1dU3kpCqReRp93/1BSdBWIjCjnONy/2e235779-28c6-4d92-a693-6e822a8eb27e.png,MAD,RMB,Real Madrid,https://media-cdn.incrowdsports.com/371b0d9b-9250-4c09-bda7-0686cf024657.png,2,0,11.733333333333333,7,3.5,5.5,63.6%,0,0,0%,0,0,0%,2,0.5,2.5,0,0,0.5,0.5,0,2.5,0,5
21,015140,Olivier Nkamhoua,26,https://media-cdn.cortextech.io/1dU3kpCqReRp93/1BSdBWIjCjnONz/8361d06b-f258-4f93-8c46-f64ef63f0c4f.png,BAR,BAR,FC Barcelona,https://media-cdn.incrowdsports.com/35dfa503-e417-481f-963a-bdf6f013763e.png,2,0,17.391666666666666,5,2.5,2.5,100%,0,1.5,0%,0,0,0%,2.5,0,2.5,0.5,0,0,0,0,2.5,1,5
21,001255,Kostas Papanikolaou,36,https://media-cdn.cortextech.io/1dU3kpCqReRp93/1BSdBWIjCjnONy/ecebd297-d0b7-49bb-b33b-160dfa77f564.png,OLY,OLY,Olympiacos Piraeus,https://media-cdn.incrowdsports.com/789423ac-3cdf-4b89-b11c-b458aa5f59a6.png,2,0,10.958333333333334,1,0.5,0.5,100%,0,0,0%,0,0,0%,0.5,2,2.5,1.5,1,1.5,0.5,0,0,0,5
24,012609,Collin Malcolm,29,https://media-cdn.cortextech.io/1dU3kpCqReRp93/1BSdBWIjCjnONz/cf5b29e9-6800-41cf-91d0-caf5ef30e20f.png,IST,EFS,Anadolu Efes Istanbul,https://media-cdn.cortextech.io/1dU3kpCqReRp93/1BSdBWIjCgOCxM/a844756c-a58d-4666-93b8-48f7337bc79d.png,2,1,16.616666666666667,3.5,1,1,100%,0,1,0%,1.5,2,75%,0.5,0.5,1,1,1,0,0,0,0.5,1,5.5
24,002329,Edgaras Ulanovas,34,https://media-cdn.cortextech.io/1dU3kpCqReRp93/1BSdBWIjCjnONz/5d1b2a2a-4d68-4723-8389-d86a4d6f8b6b.png,ZAL,ZAL,Zalgiris Kaunas,https://media-cdn.incrowdsports.com/0aa09358-3847-4c4e-b228-3582ee4e536d.png,2,0,12.95,3,0,0.5,0%,0,1,0%,3,4,75%,0,1,1,2,0.5,0.5,0,0,1.5,3.5,5.5
26,011231,Jaron Blossomgame,33,https://media-cdn.cortextech.io/1dU3kpCqReRp93/1BSdBWIjCjnONy/fd29e0ea-12f6-4c03-947e-3f72b48e0db3.png,DUB,DUB,Dubai Basketball,https://media-cdn.incrowdsports.com/1efae090-16e2-4963-ae47-4b94f249c244.png,2,1,14.375,5,2.5,3,83.3%,0,0.5,0%,0,1,0%,1,0.5,1.5,0,0.5,0.5,1,0,0.5,1,6
26,002328,Marius Grigonis,32,https://media-cdn.cortextech.io/1dU3kpCqReRp93/1BSdBWIjCjnONz/a937d295-3c94-4248-aa82-8a11f7caa809.png,ZAL,ZAL,Zalgiris Kaunas,https://media-cdn.incrowdsports.com/0aa09358-3847-4c4e-b228-3582ee4e536d.png,2,0,15.533333333333333,5.5,0.5,2,25%,1.5,4,37.5%,0,0,0%,1,1.5,2.5,2,1,0.5,0.5,0,1.5,0.5,6
28,002676,Arnas Butkevicius,34,https://media-cdn.cortextech.io/1dU3kpCqReRp93/1BSdBWIjCjnONz/30189b7a-3050-4119-9fbb-165978cd8f71.png,ZAL,ZAL,Zalgiris Kaunas,https://media-cdn.incrowdsports.com/0aa09358-3847-4c4e-b228-3582ee4e536d.png,2,2,18.416666666666668,3.5,1,1,100%,0.5,1,50%,0,0,0%,2,1.5,3.5,1,1.5,0,0,0,3.5,1,6.5
28,013667,Bruno Fernando,28,https://media-cdn.cortextech.io/1dU3kpCqReRp93/1BSdBWIjCjnONz/fc41fa87-3375-43b6-9a1d-f3778bc9f371.png,IST,EFS,Anadolu Efes Istanbul,https://media-cdn.cortextech.io/1dU3kpCqReRp93/1BSdBWIjCgOCxM/a844756c-a58d-4666-93b8-48f7337bc79d.png,2,2,18.166666666666668,7,3.5,4,87.5%,0,0,0%,0,0,0%,0.5,3,3.5,0,0.5,1,0,0.5,4,1.5,6.5
28,012731,Mbaye Ndiaye,27,https://media-cdn.cortextech.io/1dU3kpCqReRp93/1BSdBWIjCjnONy/df9f4f8d-6000-4fe4-a5fe-b463326723c4.png,OLY,OLY,Olympiacos Piraeus,https://media-cdn.incrowdsports.com/789423ac-3cdf-4b89-b11c-b458aa5f59a6.png,2,0,13.091666666666667,6.5,2,2,100%,0,0,0%,2.5,3.5,71.4%,0,0,0,0,1,1,0.5,0,2,2.5,6.5
31,014027,Mamadi Diakite,29,https://media-cdn.cortextech.io/1dU3kpCqReRp93/1BSdBWIjCjnONy/56f6929b-4dc8-4b27-8241-52186ffe2f52.png,DUB,DUB,Dubai Basketball,https://media-cdn.incrowdsports.com/1efae090-16e2-4963-ae47-4b94f249c244.png,2,0,15.65,6.5,0.5,1,50%,1.5,2.5,60%,1,1,100%,0,1,1,1.5,1,1,1.5,0.5,2.5,1,7
31,011194,Filip Petrusev,26,https://media-cdn.cortextech.io/1dU3kpCqReRp93/1BSdBWIjCjnONy/12d855f3-30b7-4c5c-8078-91fe394bd701.png,DUB,DUB,Dubai Basketball,https://media-cdn.incrowdsports.com/1efae090-16e2-4963-ae47-4b94f249c244.png,2,1,12.758333333333333,3.5,0.5,2.5,20%,0.5,0.5,100%,1,1,100%,1,3,4,1,0,0,0,0.5,0.5,1.5,7
31,010393,Jaime Pradilla,25,https://media-cdn.cortextech.io/1dU3kpCqReRp93/1BSdBWIjCjnONy/b0854c40-4237-4e52-abd4-e3a4e485284f.png,MAD,RMB,Real Madrid,https://media-cdn.incrowdsports.com/371b0d9b-9250-4c09-bda7-0686cf024657.png,2,2,15.266666666666667,4.5,1,1.5,66.7%,0.5,1.5,33.3%,1,1,100%,0,1.5,1.5,1,1,0,0,0,1,1.5,7
34,012613,Mikael Jantunen,26,https://media-cdn.cortextech.io/1dU3kpCqReRp93/1BSdBWIjCjnONy/10bea46c-6970-4540-be9a-e6ef97ea0121.png,MAD,RMB,Real Madrid,https://media-cdn.incrowdsports.com/371b0d9b-9250-4c09-bda7-0686cf024657.png,2,0,19.333333333333332,8.5,1.5,2.5,60%,1.5,4.5,33.3%,1,1,100%,0.5,1.5,2,1,0,0,0.5,0,2.5,2,7.5
34,014008,Justin Robinson,29,https://media-cdn.cortextech.io/1dU3kpCqReRp93/1BSdBWIjCjnONz/d326f31e-8ffc-40bb-8d8f-ad41f16d794e.png,BAR,BAR,FC Barcelona,https://media-cdn.incrowdsports.com/35dfa503-e417-481f-963a-bdf6f013763e.png,2,2,18.5,8.5,0.5,2,25%,2,5,40%,1.5,2,75%,0,1.5,1.5,3.5,0,1.5,0,0.5,2,3,7.5
36,011981,Tyrique Jones,29,https://media-cdn.cortextech.io/1dU3kpCqReRp93/1BSdBWIjCjnONy/d4eeb2e8-2276-4d18-8ba5-1c4a7cbd6bc7.png,OLY,OLY,Olympiacos Piraeus,https://media-cdn.incrowdsports.com/789423ac-3cdf-4b89-b11c-b458aa5f59a6.png,2,1,14.025,8.5,3,6,50%,0,0,0%,2.5,3,83.3%,2,2,4,0.5,0,1,0,0,2,1.5,8
37,011196,Donta Hall,29,https://media-cdn.cortextech.io/1dU3kpCqReRp93/1BSdBWIjCjnONy/ad2ae42b-2dcc-45ef-8b68-58484364d4af.png,OLY,OLY,Olympiacos Piraeus,https://media-cdn.incrowdsports.com/789423ac-3cdf-4b89-b11c-b458aa5f59a6.png,2,1,19.766666666666666,2.5,1,2.5,40%,0,0,0%,0.5,1,50%,2.5,2.5,5,2,1,0.5,1.5,0.5,2.5,2,8.5
38,012742,Pj Dozier,30,https://media-cdn.cortextech.io/1dU3kpCqReRp93/1BSdBWIjCjnONz/92da8264-e1f6-434c-9923-a86d51b3affd.png,IST,EFS,Anadolu Efes Istanbul,https://media-cdn.cortextech.io/1dU3kpCqReRp93/1BSdBWIjCgOCxM/a844756c-a58d-4666-93b8-48f7337bc79d.png,2,1,15.783333333333333,10.5,2,4,50%,1.5,3.5,42.9%,2,2,100%,1,1,2,1.5,1,1,0,0,2,1,9
38,015139,Stanley Umude,27,https://media-cdn.cortextech.io/1dU3kpCqReRp93/1BSdBWIjCjnONz/b8113804-254a-4e2c-a6b8-08cc6f2d4393.png,BAR,BAR,FC Barcelona,https://media-cdn.incrowdsports.com/35dfa503-e417-481f-963a-bdf6f013763e.png,2,1,15.341666666666667,7.5,2.5,4.5,55.6%,0.5,2,25%,1,2.5,40%,1.5,1.5,3,1,1.5,0,1,0,2,2,9
40,014102,Kai Jones,25,https://media-cdn.cortextech.io/1dU3kpCqReRp93/1BSdBWIjCjnONz/f6863e93-e184-46e1-bae5-00166020bd7f.png,IST,EFS,Anadolu Efes Istanbul,https://media-cdn.cortextech.io/1dU3kpCqReRp93/1BSdBWIjCgOCxM/a844756c-a58d-4666-93b8-48f7337bc79d.png,2,0,16.775,3.5,1.5,2,75%,0,0,0%,0.5,0.5,100%,1.5,2.5,4,0.5,1.5,0.5,1,0,0.5,0.5,9.5
40,005791,Walter Tavares,34,https://media-cdn.cortextech.io/1dU3kpCqReRp93/1BSdBWIjCjnONy/741a7c56-5df6-4b34-a1b5-7dc4c49cc98d.png,MAD,RMB,Real Madrid,https://media-cdn.incrowdsports.com/371b0d9b-9250-4c09-bda7-0686cf024657.png,2,2,21.558333333333334,8,4,5.5,72.7%,0,0,0%,0,0,0%,2,3.5,5.5,0,1,2.5,1.5,1,2.5,1,9.5
42,013380,Evan Fournier,34,https://media-cdn.cortextech.io/1dU3kpCqReRp93/1BSdBWIjCjnONy/8294e767-cda1-4ff8-baf4-92ecdd9a919d.png,OLY,OLY,Olympiacos Piraeus,https://media-cdn.incrowdsports.com/789423ac-3cdf-4b89-b11c-b458aa5f59a6.png,2,0,22.458333333333332,13,3,4.5,66.7%,1.5,4.5,33.3%,2.5,3,83.3%,0,1,1,1.5,1,1.5,0,0,1.5,1.5,10
43,008099,Matthew Strazel,24,https://media-cdn.cortextech.io/1dU3kpCqReRp93/1BSdBWIjCjnONz/d299652d-429d-4226-89d6-8286c61c0533.png,IST,EFS,Anadolu Efes Istanbul,https://media-cdn.cortextech.io/1dU3kpCqReRp93/1BSdBWIjCgOCxM/a844756c-a58d-4666-93b8-48f7337bc79d.png,2,2,23.458333333333332,13,1.5,5,30%,1.5,4.5,33.3%,5.5,6,91.7%,0,2.5,2.5,3.5,1,2,0,2,2,4,11
44,005928,Facundo Campazzo,35,https://media-cdn.cortextech.io/1dU3kpCqReRp93/1BSdBWIjCjnONy/76403e82-85ef-455e-a8d9-1ed4d2858efe.png,MAD,RMB,Real Madrid,https://media-cdn.incrowdsports.com/371b0d9b-9250-4c09-bda7-0686cf024657.png,2,2,20.308333333333334,11,3,5.5,54.5%,1,3.5,28.6%,2,2,100%,1,1.5,2.5,2.5,0.5,3,0,0,0.5,3.5,11.5
44,011987,Carsen Edwards,28,https://media-cdn.cortextech.io/1dU3kpCqReRp93/1BSdBWIjCjnONz/bbb31a52-7c6a-4536-9039-9899b5c0f4f8.png,ZAL,ZAL,Zalgiris Kaunas,https://media-cdn.incrowdsports.com/0aa09358-3847-4c4e-b228-3582ee4e536d.png,2,2,21.358333333333334,14.5,3,7.5,40%,2,4.5,44.4%,2.5,2.5,100%,0,0.5,0.5,2,1.5,1.5,0,0.5,2,4,11.5
44,011247,Andres Feliz,29,https://media-cdn.cortextech.io/1dU3kpCqReRp93/1BSdBWIjCjnONy/f1b18434-916a-4d6b-95f4-daa88e901887.png,MAD,RMB,Real Madrid,https://media-cdn.incrowdsports.com/371b0d9b-9250-4c09-bda7-0686cf024657.png,2,0,20.85,9.5,2.5,6.5,38.5%,1,1.5,66.7%,1.5,2,75%,0.5,3.5,4,4.5,0.5,2,1,1,1.5,1.5,11.5
47,011212,Elie Okobo,29,https://media-cdn.cortextech.io/1dU3kpCqReRp93/1BSdBWIjCjnONy/a55f9e28-d54a-439e-9333-6a685dd7d798.png,DUB,DUB,Dubai Basketball,https://media-cdn.incrowdsports.com/1efae090-16e2-4963-ae47-4b94f249c244.png,2,2,28.875,8.5,2.5,4.5,55.6%,0,2,0%,3.5,4,87.5%,0.5,2.5,3,5,0.5,1,0,0,2,2.5,12
48,012610,Tyson Ward,29,https://media-cdn.cortextech.io/1dU3kpCqReRp93/1BSdBWIjCjnONy/d47af427-fc27-4cdd-9e0a-139476098ec6.png,OLY,OLY,Olympiacos Piraeus,https://media-cdn.incrowdsports.com/789423ac-3cdf-4b89-b11c-b458aa5f59a6.png,2,2,24.65,10.5,1.5,3.5,42.9%,1.5,3,50%,3,3,100%,1.5,2.5,4,1.5,1,1,0,0,2.5,2.5,12.5
48,012606,Mckinley Wright IV,28,https://media-cdn.cortextech.io/1dU3kpCqReRp93/1BSdBWIjCjnONy/ed6dcc8c-2978-4685-aaf8-de47979d3440.png,DUB,DUB,Dubai Basketball,https://media-cdn.incrowdsports.com/1efae090-16e2-4963-ae47-4b94f249c244.png,2,2,25.8,13,3,4.5,66.7%,1.5,2.5,60%,2.5,3.5,71.4%,1.5,2,3.5,3,0,2.5,0,0.5,2.5,2,12.5
50,012720,Sterling Brown,31,https://media-cdn.cortextech.io/1dU3kpCqReRp93/1BSdBWIjCjnONz/d3819345-099e-4a06-8c2a-399d94b9766e.png,ZAL,ZAL,Zalgiris Kaunas,https://media-cdn.incrowdsports.com/0aa09358-3847-4c4e-b228-3582ee4e536d.png,2,0,19.7,15,2,2.5,80%,3,4.5,66.7%,2,2,100%,0,1,1,0,0.5,1.5,1,0,2,1,13
51,013855,Umoja Gibson,28,https://media-cdn.cortextech.io/1dU3kpCqReRp93/1BSdBWIjCjnONz/953aae61-f795-4df6-b558-ea91b4f9d7e5.png,BAR,BAR,FC Barcelona,https://media-cdn.incrowdsports.com/35dfa503-e417-481f-963a-bdf6f013763e.png,2,0,21.5,11,2.5,3,83.3%,2,5,40%,0,0,0%,1.5,2.5,4,2,1.5,1,0,0,1.5,1,13.5
52,007027,Theo Maledon,25,https://media-cdn.cortextech.io/1dU3kpCqReRp93/1BSdBWIjCjnONy/e8d4ca4d-ec7c-4c52-a066-a418b3560d55.png,MAD,RMB,Real Madrid,https://media-cdn.incrowdsports.com/371b0d9b-9250-4c09-bda7-0686cf024657.png,2,0,21.375,10,3,5.5,54.5%,0,2,0%,4,5,80%,1,3,4,5.5,0.5,2,0.5,1,2.5,4.5,14
53,007553,Olek Balcerowski,26,https://media-cdn.cortextech.io/1dU3kpCqReRp93/1BSdBWIjCjnONz/98c4a713-a23c-48ab-9b5f-a85e335713e6.png,BAR,BAR,FC Barcelona,https://media-cdn.incrowdsports.com/35dfa503-e417-481f-963a-bdf6f013763e.png,2,2,22.608333333333334,10,3,4.5,66.7%,0,0,0%,4,4,100%,1.5,2,3.5,2,0.5,0.5,0.5,0,2.5,2.5,14.5
54,012796,Mfiondu Kabengele,29,https://media-cdn.cortextech.io/1dU3kpCqReRp93/1BSdBWIjCjnONy/c758af2a-bc8d-4e9a-ac62-362597904633.png,DUB,DUB,Dubai Basketball,https://media-cdn.incrowdsports.com/1efae090-16e2-4963-ae47-4b94f249c244.png,2,2,24.483333333333334,15,2.5,6,41.7%,2.5,4.5,55.6%,2.5,3,83.3%,2,4.5,6.5,1.5,0,1.5,1.5,0.5,0.5,2,18
54,003112,Dario Saric,32,https://media-cdn.cortextech.io/1dU3kpCqReRp93/1BSdBWIjCjnONz/afdb2e3e-694e-44f2-a8d9-d97aa89dd86e.png,IST,EFS,Anadolu Efes Istanbul,https://media-cdn.cortextech.io/1dU3kpCqReRp93/1BSdBWIjCgOCxM/a844756c-a58d-4666-93b8-48f7337bc79d.png,2,2,25.691666666666666,13.5,2.5,3.5,71.4%,1,3.5,28.6%,5.5,6,91.7%,0.5,3.5,4,3,0,1.5,0,0,1.5,4.5,18
56,009849,Tyler Dorsey,30,https://media-cdn.cortextech.io/1dU3kpCqReRp93/1BSdBWIjCjnONy/6faa6ab7-bfe2-4651-b381-c61e9da117fb.png,OLY,OLY,Olympiacos Piraeus,https://media-cdn.incrowdsports.com/789423ac-3cdf-4b89-b11c-b458aa5f59a6.png,2,2,21.316666666666666,17.5,3.5,4.5,77.8%,2.5,6.5,38.5%,3,3.5,85.7%,0.5,1.5,2,1,1.5,1,0,0,0,3,18.5
56,005985,Mike James,36,https://media-cdn.cortextech.io/1dU3kpCqReRp93/1BSdBWIjCjnONz/286b3dbb-72aa-4f86-aa59-d254a86448c5.png,IST,EFS,Anadolu Efes Istanbul,https://media-cdn.cortextech.io/1dU3kpCqReRp93/1BSdBWIjCgOCxM/a844756c-a58d-4666-93b8-48f7337bc79d.png,2,2,31.583333333333332,17,5,9.5,52.6%,1,4,25%,4,5,80%,0,3,3,4.5,1.5,3,0.5,0,2,5.5,18.5
58,010042,Jean Montero,23,https://media-cdn.cortextech.io/1dU3kpCqReRp93/1BSdBWIjCjnONy/a67a26a1-5ce5-4dad-801b-a2ca76c83d72.png,OLY,OLY,Olympiacos Piraeus,https://media-cdn.incrowdsports.com/789423ac-3cdf-4b89-b11c-b458aa5f59a6.png,2,0,23.541666666666668,15,3.5,6.5,53.8%,1,4,25%,5,5.5,90.9%,1,3,4,6,1,2.5,0,0.5,0,3.5,20
59,008192,Azuolas Tubelis,24,https://media-cdn.cortextech.io/1dU3kpCqReRp93/1BSdBWIjCjnONz/0f86bd76-5ed2-47f4-b8ef-0bc5a88238d8.png,ZAL,ZAL,Zalgiris Kaunas,https://media-cdn.incrowdsports.com/0aa09358-3847-4c4e-b228-3582ee4e536d.png,2,2,27.175,14.5,6.5,10.5,61.9%,0,1.5,0%,1.5,3,50%,3,6.5,9.5,3.5,1,1,0.5,0,1.5,3,22.5
59,000898,Jonas Valanciunas,34,https://media-cdn.cortextech.io/1dU3kpCqReRp93/1BSdBWIjCjnOS3/45d32050-e6bf-4010-87fb-238db1c6b9ca.png,ZAL,ZAL,Zalgiris Kaunas,https://media-cdn.incrowdsports.com/0aa09358-3847-4c4e-b228-3582ee4e536d.png,2,2,22.708333333333332,12,4.5,7.5,60%,0.5,0.5,100%,1.5,1.5,100%,1.5,5.5,7,4.5,0.5,2,2,0,2,3.5,22.5
61,011286,Dwayne Bacon,31,https://media-cdn.cortextech.io/1dU3kpCqReRp93/1BSdBWIjCjnONy/849bf907-264a-4094-b7ea-00d3f048eecb.png,DUB,DUB,Dubai Basketball,https://media-cdn.incrowdsports.com/1efae090-16e2-4963-ae47-4b94f249c244.png,2,2,27.65,19,5,7,71.4%,0.5,4,12.5%,7.5,8,93.8%,0.5,5.5,6,2.5,0.5,2,0,0,1,6,25
61,009862,Kevin Punter,33,https://media-cdn.cortextech.io/1dU3kpCqReRp93/1BSdBWIjCjnONz/675c5bac-7d19-44f6-944d-3c7373e09f3d.png,BAR,BAR,FC Barcelona,https://media-cdn.incrowdsports.com/35dfa503-e417-481f-963a-bdf6f013763e.png,2,2,25.416666666666668,22,6.5,9.5,68.4%,2.5,4.5,55.6%,1.5,1.5,100%,1.5,1.5,3,1.5,1.5,0.5,0,0,1.5,4,25
63,003469,Sasha Vezenkov,31,https://media-cdn.cortextech.io/1dU3kpCqReRp93/1BSdBWIjCjnONy/f65c52c5-542f-4796-8dc6-b46cc9a6f3d5.png,OLY,OLY,Olympiacos Piraeus,https://media-cdn.incrowdsports.com/789423ac-3cdf-4b89-b11c-b458aa5f59a6.png,2,2,21.825,20,8,9.5,84.2%,0,0.5,0%,4,4.5,88.9%,2,4.5,6.5,1,0.5,1,0,0,0,3.5,28
