gamecode,jornada,date,live,court,quarter,jugador_asiste,jugador_asistido,three_make,three_misses,two_make,two_misses,free_make,free_misses,type,numberofplay,codeteam,player_id,playtype,player,jugador,team,dorsal,minute,markertime,points_a,points_b,comment,playinfo,stat_3pts_atemp,stat_3pts_sucess,stat_2pts_atemp,stat_2pts_sucess,stat_1pt_atemp,stat_1pt_sucess,stat_asis,stat_def_rebound,stat_off_rebound,stat_turnovers,stat_foul,stat_foul_drawn,stat_block,stat_block_recived,stat_points,valoracion
12,1,2026-09-29 16:00:00,TRUE,NA,1,NA,NA,0,0,0,0,0,0,0,7,,,BP,NA,NA,NA,NA,1,10:00,0,0,,Begin Period,0,0,0,0,0,0,0,0,0,0,0,0,0,0,0,0
12,1,2026-09-29 16:00:00,TRUE,home,1,NA,NA,0,0,0,1,0,0,0,8,KLA,P005860,2FGA,"TAROLIS, DONATAS",Donatas Tarolis,Neptunas Klaipeda,1,1,09:41,0,0,,Missed Two Pointer,0,0,1,0,0,0,0,0,0,0,0,0,0,0,0,-1
12,1,2026-09-29 16:00:00,TRUE,away,1,NA,NA,0,0,0,0,0,0,0,9,TRN,P013271,D,"MAWUGBE, SELOM",Selom Mawugbe,Dolomiti Energia Trento,21,1,09:38,0,0,,Def Rebound,0,0,0,0,0,0,0,1,0,0,0,0,0,0,0,1
12,1,2026-09-29 16:00:00,TRUE,away,1,NA,NA,0,0,0,0,0,0,0,10,TRN,P014854,OF,"BROWN JR, CHARLIE",Charlie Brown Jr,Dolomiti Energia Trento,4,1,09:37,0,0,,Offensive Foul,0,0,0,0,0,0,0,0,0,0,0,0,0,0,0,-1
12,1,2026-09-29 16:00:00,TRUE,away,1,NA,NA,0,0,0,0,0,0,0,11,TRN,P014854,TO,"BROWN JR, CHARLIE",Charlie Brown Jr,Dolomiti Energia Trento,4,1,09:37,0,0,,Turnover,0,0,0,0,0,0,0,0,0,1,0,0,0,0,0,-1
12,1,2026-09-29 16:00:00,TRUE,home,1,NA,NA,0,0,0,0,0,0,0,12,KLA,P005860,RV,"TAROLIS, DONATAS",Donatas Tarolis,Neptunas Klaipeda,1,1,09:37,0,0,,Foul Drawn,0,0,0,0,0,0,0,0,0,0,0,1,0,0,0,1
12,1,2026-09-29 16:00:00,TRUE,home,1,NA,NA,0,0,0,0,0,0,0,13,KLA,P005516,OF,"ZEMAITIS, KRISTUPAS",Kristupas Zemaitis,Neptunas Klaipeda,13,1,09:21,0,0,,Offensive Foul,0,0,0,0,0,0,0,0,0,0,0,0,0,0,0,-1
12,1,2026-09-29 16:00:00,TRUE,home,1,NA,NA,0,0,0,0,0,0,0,14,KLA,P005516,TO,"ZEMAITIS, KRISTUPAS",Kristupas Zemaitis,Neptunas Klaipeda,13,1,09:21,0,0,,Turnover,0,0,0,0,0,0,0,0,0,1,0,0,0,0,0,-1
12,1,2026-09-29 16:00:00,TRUE,away,1,NA,NA,0,0,0,0,0,0,0,15,TRN,P013271,RV,"MAWUGBE, SELOM",Selom Mawugbe,Dolomiti Energia Trento,21,1,09:21,0,0,,Foul Drawn,0,0,0,0,0,0,0,0,0,0,0,1,0,0,0,1
12,1,2026-09-29 16:00:00,TRUE,away,1,NA,NA,0,1,0,0,0,0,0,16,TRN,P014855,3FGA,"OLIVARI, QUINCY",Quincy Olivari,Dolomiti Energia Trento,8,1,09:03,0,0,,Missed Three Pointer,1,0,0,0,0,0,0,0,0,0,0,0,0,0,0,-1
12,1,2026-09-29 16:00:00,TRUE,home,1,NA,NA,0,0,0,0,0,0,0,17,KLA,P007830,D,"FRANKE, YANNICK",Yannick Franke,Neptunas Klaipeda,5,1,09:01,0,0,,Def Rebound,0,0,0,0,0,0,0,1,0,0,0,0,0,0,0,1
12,1,2026-09-29 16:00:00,TRUE,home,1,NA,NA,0,0,0,1,0,0,0,19,KLA,P005516,2FGA,"ZEMAITIS, KRISTUPAS",Kristupas Zemaitis,Neptunas Klaipeda,13,2,08:50,0,0,,Missed Two Pointer,0,0,1,0,0,0,0,0,0,0,0,0,0,0,0,-1
12,1,2026-09-29 16:00:00,TRUE,home,1,NA,NA,0,0,0,0,0,0,0,20,KLA,P007830,O,"FRANKE, YANNICK",Yannick Franke,Neptunas Klaipeda,5,2,08:47,0,0,,Off Rebound,0,0,0,0,0,0,0,0,1,0,0,0,0,0,0,1
12,1,2026-09-29 16:00:00,TRUE,home,1,NA,NA,0,0,0,1,0,0,0,21,KLA,P007830,2FGA,"FRANKE, YANNICK",Yannick Franke,Neptunas Klaipeda,5,2,08:43,0,0,,Missed Two Pointer,0,0,1,0,0,0,0,0,0,0,0,0,0,0,0,-1
12,1,2026-09-29 16:00:00,TRUE,home,1,NA,NA,0,0,0,0,0,0,0,22,KLA,P005522,O,"ECHODAS, MARTYNAS",Martynas Echodas,Neptunas Klaipeda,14,2,08:38,0,0,,Off Rebound,0,0,0,0,0,0,0,0,1,0,0,0,0,0,0,1
12,1,2026-09-29 16:00:00,TRUE,home,1,NA,NA,0,0,0,1,0,0,0,23,KLA,P005522,2FGA,"ECHODAS, MARTYNAS",Martynas Echodas,Neptunas Klaipeda,14,2,08:36,0,0,,Missed Two Pointer,0,0,1,0,0,0,0,0,0,0,0,0,0,0,0,-1
12,1,2026-09-29 16:00:00,TRUE,away,1,NA,NA,0,0,0,0,0,0,0,24,TRN,P014854,D,"BROWN JR, CHARLIE",Charlie Brown Jr,Dolomiti Energia Trento,4,2,08:33,0,0,,Def Rebound,0,0,0,0,0,0,0,1,0,0,0,0,0,0,0,1
12,1,2026-09-29 16:00:00,TRUE,away,1,NA,NA,0,0,1,0,0,0,0,25,TRN,P014855,2FGM,"OLIVARI, QUINCY",Quincy Olivari,Dolomiti Energia Trento,8,2,08:30,0,2,,Two Pointer,0,0,1,1,0,0,0,0,0,0,0,0,0,0,2,2
12,1,2026-09-29 16:00:00,TRUE,away,1,NA,NA,0,0,0,0,0,0,0,26,TRN,P014854,CM,"BROWN JR, CHARLIE",Charlie Brown Jr,Dolomiti Energia Trento,4,2,08:27,0,2,,Foul,0,0,0,0,0,0,0,0,0,0,2,0,0,0,0,-1
12,1,2026-09-29 16:00:00,TRUE,home,1,NA,NA,0,0,0,0,0,0,0,27,KLA,P005522,RV,"ECHODAS, MARTYNAS",Martynas Echodas,Neptunas Klaipeda,14,2,08:27,0,2,,Foul Drawn,0,0,0,0,0,0,0,0,0,0,0,1,0,0,0,1
12,1,2026-09-29 16:00:00,TRUE,away,1,NA,NA,0,0,0,0,0,0,0,28,TRN,P014854,OUT,"BROWN JR, CHARLIE",Charlie Brown Jr,Dolomiti Energia Trento,4,2,08:27,0,2,,Out,0,0,0,0,0,0,0,0,0,0,0,0,0,0,0,0
12,1,2026-09-29 16:00:00,TRUE,away,1,NA,NA,0,0,0,0,0,0,0,29,TRN,P013756,IN,"NIANG, CHEICKH",Cheickh Niang,Dolomiti Energia Trento,7,2,08:27,0,2,,In,0,0,0,0,0,0,0,0,0,0,0,0,0,0,0,0
12,1,2026-09-29 16:00:00,TRUE,home,1,NA,NA,0,0,0,1,0,0,0,30,KLA,P007830,2FGA,"FRANKE, YANNICK",Yannick Franke,Neptunas Klaipeda,5,2,08:25,0,2,,Missed Two Pointer,0,0,2,0,0,0,0,0,0,0,0,0,0,0,0,-1
12,1,2026-09-29 16:00:00,TRUE,away,1,NA,NA,0,0,0,0,0,0,0,31,TRN,P014853,D,"BROWN II, DARIUS",Darius Brown II,Dolomiti Energia Trento,0,2,08:25,0,2,,Def Rebound,0,0,0,0,0,0,0,1,0,0,0,0,0,0,0,1
12,1,2026-09-29 16:00:00,TRUE,home,1,NA,NA,0,0,0,0,0,0,0,32,KLA,P005860,CM,"TAROLIS, DONATAS",Donatas Tarolis,Neptunas Klaipeda,1,2,08:13,0,2,,Foul,0,0,0,0,0,0,0,0,0,0,1,0,0,0,0,-1
12,1,2026-09-29 16:00:00,TRUE,away,1,NA,NA,0,0,0,0,0,0,0,33,TRN,P014855,RV,"OLIVARI, QUINCY",Quincy Olivari,Dolomiti Energia Trento,8,2,08:13,0,2,,Foul Drawn,0,0,0,0,0,0,0,0,0,0,0,1,0,0,0,1
12,1,2026-09-29 16:00:00,TRUE,away,1,NA,NA,0,0,0,0,0,0,0,34,TRN,P013271,CM,"MAWUGBE, SELOM",Selom Mawugbe,Dolomiti Energia Trento,21,2,08:13,0,2,,Foul,0,0,0,0,0,0,0,0,0,0,1,0,0,0,0,-1
12,1,2026-09-29 16:00:00,TRUE,home,1,NA,NA,0,0,0,0,0,0,0,35,KLA,P007830,RV,"FRANKE, YANNICK",Yannick Franke,Neptunas Klaipeda,5,2,08:13,0,2,,Foul Drawn,0,0,0,0,0,0,0,0,0,0,0,1,0,0,0,1
12,1,2026-09-29 16:00:00,TRUE,away,1,NA,NA,0,0,0,0,1,0,0,36,TRN,P014855,FTM,"OLIVARI, QUINCY",Quincy Olivari,Dolomiti Energia Trento,8,2,08:13,0,3,,Free Throw In,0,0,0,0,1,1,0,0,0,0,0,0,0,0,3,1
12,1,2026-09-29 16:00:00,TRUE,away,1,"BROWN II, DARIUS","OLIVARI, QUINCY",0,0,0,0,0,0,0,37,TRN,P014853,AS,"BROWN II, DARIUS",Darius Brown II,Dolomiti Energia Trento,0,2,08:13,0,3,,Assist,0,0,0,0,0,0,1,0,0,0,0,0,0,0,0,1
12,1,2026-09-29 16:00:00,TRUE,away,1,NA,NA,0,0,0,0,1,0,0,38,TRN,P014855,FTM,"OLIVARI, QUINCY",Quincy Olivari,Dolomiti Energia Trento,8,2,08:13,0,4,,Free Throw In,0,0,0,0,2,2,0,0,0,0,0,0,0,0,4,1
12,1,2026-09-29 16:00:00,TRUE,home,1,NA,NA,1,0,0,0,0,0,0,40,KLA,P007830,3FGM,"FRANKE, YANNICK",Yannick Franke,Neptunas Klaipeda,5,3,07:56,3,4,,Three Pointer,1,1,0,0,0,0,0,0,0,0,0,0,0,0,3,3
12,1,2026-09-29 16:00:00,TRUE,home,1,"ECHODAS, MARTYNAS","FRANKE, YANNICK",0,0,0,0,0,0,0,41,KLA,P005522,AS,"ECHODAS, MARTYNAS",Martynas Echodas,Neptunas Klaipeda,14,3,07:55,3,4,,Assist,0,0,0,0,0,0,1,0,0,0,0,0,0,0,0,1
12,1,2026-09-29 16:00:00,TRUE,away,1,NA,NA,0,0,0,1,0,0,0,42,TRN,P006724,2FGA,"BAYEHE, JORDAN",Jordan Bayehe,Dolomiti Energia Trento,26,3,07:33,3,4,,Missed Two Pointer,0,0,1,0,0,0,0,0,0,0,0,0,0,0,0,-1
12,1,2026-09-29 16:00:00,TRUE,away,1,NA,NA,0,0,0,0,0,0,0,43,TRN,P006724,AG,"BAYEHE, JORDAN",Jordan Bayehe,Dolomiti Energia Trento,26,3,07:33,3,4,,Shot Rejected,0,0,0,0,0,0,0,0,0,0,0,0,0,1,0,-1
12,1,2026-09-29 16:00:00,TRUE,home,1,NA,NA,0,0,0,0,0,0,0,44,KLA,P005522,FV,"ECHODAS, MARTYNAS",Martynas Echodas,Neptunas Klaipeda,14,3,07:29,3,4,,Block,0,0,0,0,0,0,0,0,0,0,0,0,1,0,0,1
12,1,2026-09-29 16:00:00,TRUE,home,1,NA,NA,0,0,0,0,0,0,0,45,KLA,P005860,D,"TAROLIS, DONATAS",Donatas Tarolis,Neptunas Klaipeda,1,3,07:28,3,4,,Def Rebound,0,0,0,0,0,0,0,1,0,0,0,0,0,0,0,1
12,1,2026-09-29 16:00:00,TRUE,home,1,NA,NA,0,0,0,1,0,0,0,46,KLA,P005516,2FGA,"ZEMAITIS, KRISTUPAS",Kristupas Zemaitis,Neptunas Klaipeda,13,3,07:23,3,4,,Missed Two Pointer,0,0,2,0,0,0,0,0,0,0,0,0,0,0,0,-1
12,1,2026-09-29 16:00:00,TRUE,away,1,NA,NA,0,0,0,0,0,0,0,47,TRN,P014855,D,"OLIVARI, QUINCY",Quincy Olivari,Dolomiti Energia Trento,8,3,07:19,3,4,,Def Rebound,0,0,0,0,0,0,0,1,0,0,0,0,0,0,0,1
12,1,2026-09-29 16:00:00,TRUE,away,1,NA,NA,0,0,1,0,0,0,0,48,TRN,P013756,2FGM,"NIANG, CHEICKH",Cheickh Niang,Dolomiti Energia Trento,7,3,07:16,3,6,,Two Pointer,0,0,1,1,0,0,0,0,0,0,0,0,0,0,2,2
12,1,2026-09-29 16:00:00,TRUE,away,1,"OLIVARI, QUINCY","NIANG, CHEICKH",0,0,0,0,0,0,0,49,TRN,P014855,AS,"OLIVARI, QUINCY",Quincy Olivari,Dolomiti Energia Trento,8,3,07:13,3,6,,Assist,0,0,0,0,0,0,1,0,0,0,0,0,0,0,0,1
12,1,2026-09-29 16:00:00,TRUE,away,1,NA,NA,0,0,0,0,0,0,0,50,TRN,P014853,CM,"BROWN II, DARIUS",Darius Brown II,Dolomiti Energia Trento,0,3,07:11,3,6,,Foul,0,0,0,0,0,0,0,0,0,0,1,0,0,0,0,-1
12,1,2026-09-29 16:00:00,TRUE,home,1,NA,NA,0,0,0,0,0,0,0,51,KLA,P005860,RV,"TAROLIS, DONATAS",Donatas Tarolis,Neptunas Klaipeda,1,3,07:11,3,6,,Foul Drawn,0,0,0,0,0,0,0,0,0,0,0,2,0,0,0,1
12,1,2026-09-29 16:00:00,TRUE,away,1,NA,NA,0,0,0,0,0,0,0,52,TRN,P013756,CM,"NIANG, CHEICKH",Cheickh Niang,Dolomiti Energia Trento,7,3,07:03,3,6,,Foul,0,0,0,0,0,0,0,0,0,0,1,0,0,0,0,-1
12,1,2026-09-29 16:00:00,TRUE,home,1,NA,NA,0,0,0,0,0,0,0,53,KLA,P006154,RV,"BERUCKA, ARNAS",Arnas Berucka,Neptunas Klaipeda,21,3,07:03,3,6,,Foul Drawn,0,0,0,0,0,0,0,0,0,0,0,1,0,0,0,1
12,1,2026-09-29 16:00:00,TRUE,home,1,NA,NA,0,0,0,0,0,1,0,54,KLA,P006154,FTA,"BERUCKA, ARNAS",Arnas Berucka,Neptunas Klaipeda,21,3,07:03,3,6,,Missed Free Throw,0,0,0,0,1,0,0,0,0,0,0,0,0,0,0,-1
12,1,2026-09-29 16:00:00,TRUE,home,1,NA,NA,0,0,0,0,1,0,0,55,KLA,P006154,FTM,"BERUCKA, ARNAS",Arnas Berucka,Neptunas Klaipeda,21,3,07:03,4,6,,Free Throw In,0,0,0,0,2,1,0,0,0,0,0,0,0,0,1,1
12,1,2026-09-29 16:00:00,TRUE,away,1,NA,NA,0,0,0,0,0,0,0,57,TRN,,TO,NA,NA,Dolomiti Energia Trento,,4,06:37,4,6,,Turnover,0,0,0,0,0,0,0,0,0,1,0,0,0,0,0,-1
12,1,2026-09-29 16:00:00,TRUE,away,1,NA,NA,0,0,0,0,0,0,0,58,TRN,P013271,OUT,"MAWUGBE, SELOM",Selom Mawugbe,Dolomiti Energia Trento,21,4,06:26,4,6,,Out,0,0,0,0,0,0,0,0,0,0,0,0,0,0,0,0
12,1,2026-09-29 16:00:00,TRUE,away,1,NA,NA,0,0,0,0,0,0,0,59,TRN,P014857,IN,"BIGELOW, ISAIAH",Isaiah Bigelow,Dolomiti Energia Trento,24,4,06:26,4,6,,In,0,0,0,0,0,0,0,0,0,0,0,0,0,0,0,0
12,1,2026-09-29 16:00:00,TRUE,home,1,NA,NA,0,0,0,0,0,0,0,60,KLA,P006154,TO,"BERUCKA, ARNAS",Arnas Berucka,Neptunas Klaipeda,21,4,06:15,4,6,,Turnover,0,0,0,0,0,0,0,0,0,1,0,0,0,0,0,-1
12,1,2026-09-29 16:00:00,TRUE,away,1,NA,NA,0,0,0,0,0,0,0,61,TRN,P014853,ST,"BROWN II, DARIUS",Darius Brown II,Dolomiti Energia Trento,0,4,06:13,4,6,,Steal,0,0,0,0,0,0,0,0,0,0,0,0,0,0,0,1
12,1,2026-09-29 16:00:00,TRUE,away,1,NA,NA,0,1,0,0,0,0,0,62,TRN,P014857,3FGA,"BIGELOW, ISAIAH",Isaiah Bigelow,Dolomiti Energia Trento,24,4,06:07,4,6,,Missed Three Pointer,1,0,0,0,0,0,0,0,0,0,0,0,0,0,0,-1
12,1,2026-09-29 16:00:00,TRUE,away,1,NA,NA,0,0,0,0,0,0,0,63,TRN,P006724,O,"BAYEHE, JORDAN",Jordan Bayehe,Dolomiti Energia Trento,26,4,06:06,4,6,,Off Rebound,0,0,0,0,0,0,0,0,1,0,0,0,0,0,0,1
12,1,2026-09-29 16:00:00,TRUE,away,1,NA,NA,0,1,0,0,0,0,0,64,TRN,P014853,3FGA,"BROWN II, DARIUS",Darius Brown II,Dolomiti Energia Trento,0,4,06:03,4,6,,Missed Three Pointer,1,0,0,0,0,0,0,0,0,0,0,0,0,0,0,-1
12,1,2026-09-29 16:00:00,TRUE,home,1,NA,NA,0,0,0,0,0,0,0,65,KLA,P005522,D,"ECHODAS, MARTYNAS",Martynas Echodas,Neptunas Klaipeda,14,4,06:01,4,6,,Def Rebound,0,0,0,0,0,0,0,1,0,0,0,0,0,0,0,1
12,1,2026-09-29 16:00:00,TRUE,home,1,NA,NA,0,0,1,0,0,0,0,67,KLA,P005516,2FGM,"ZEMAITIS, KRISTUPAS",Kristupas Zemaitis,Neptunas Klaipeda,13,5,05:53,6,6,,Two Pointer,0,0,3,1,0,0,0,0,0,0,0,0,0,0,2,2
12,1,2026-09-29 16:00:00,TRUE,away,1,NA,NA,0,1,0,0,0,0,0,68,TRN,P014855,3FGA,"OLIVARI, QUINCY",Quincy Olivari,Dolomiti Energia Trento,8,5,05:37,6,6,,Missed Three Pointer,2,0,0,0,0,0,0,0,0,0,0,0,0,0,0,-1
12,1,2026-09-29 16:00:00,TRUE,home,1,NA,NA,0,0,0,0,0,0,0,69,KLA,P006154,D,"BERUCKA, ARNAS",Arnas Berucka,Neptunas Klaipeda,21,5,05:37,6,6,,Def Rebound,0,0,0,0,0,0,0,1,0,0,0,0,0,0,0,1
12,1,2026-09-29 16:00:00,TRUE,away,1,NA,NA,0,0,0,0,0,0,0,70,TRN,P006724,CM,"BAYEHE, JORDAN",Jordan Bayehe,Dolomiti Energia Trento,26,5,05:36,6,6,,Foul,0,0,0,0,0,0,0,0,0,0,1,0,0,0,0,-1
12,1,2026-09-29 16:00:00,TRUE,home,1,NA,NA,0,0,0,0,0,0,0,71,KLA,P006154,RV,"BERUCKA, ARNAS",Arnas Berucka,Neptunas Klaipeda,21,5,05:36,6,6,,Foul Drawn,0,0,0,0,0,0,0,0,0,0,0,2,0,0,0,1
12,1,2026-09-29 16:00:00,TRUE,home,1,NA,NA,0,0,0,0,1,0,0,72,KLA,P006154,FTM,"BERUCKA, ARNAS",Arnas Berucka,Neptunas Klaipeda,21,5,05:36,7,6,,Free Throw In,0,0,0,0,3,2,0,0,0,0,0,0,0,0,2,1
12,1,2026-09-29 16:00:00,TRUE,home,1,NA,NA,0,0,0,0,1,0,0,73,KLA,P006154,FTM,"BERUCKA, ARNAS",Arnas Berucka,Neptunas Klaipeda,21,5,05:36,8,6,,Free Throw In,0,0,0,0,4,3,0,0,0,0,0,0,0,0,3,1
12,1,2026-09-29 16:00:00,TRUE,home,1,NA,NA,0,0,0,0,0,0,0,74,KLA,P008260,IN,"DRELL, HENRI",Henri Drell,Neptunas Klaipeda,0,5,05:36,8,6,,In,0,0,0,0,0,0,0,0,0,0,0,0,0,0,0,0
12,1,2026-09-29 16:00:00,TRUE,home,1,NA,NA,0,0,0,0,0,0,0,75,KLA,P006154,OUT,"BERUCKA, ARNAS",Arnas Berucka,Neptunas Klaipeda,21,5,05:36,8,6,,Out,0,0,0,0,0,0,0,0,0,0,0,0,0,0,0,0
12,1,2026-09-29 16:00:00,TRUE,away,1,NA,NA,0,0,1,0,0,0,0,76,TRN,P013756,2FGM,"NIANG, CHEICKH",Cheickh Niang,Dolomiti Energia Trento,7,5,05:26,8,8,,Two Pointer,0,0,2,2,0,0,0,0,0,0,0,0,0,0,4,2
12,1,2026-09-29 16:00:00,TRUE,away,1,"OLIVARI, QUINCY","NIANG, CHEICKH",0,0,0,0,0,0,0,77,TRN,P014855,AS,"OLIVARI, QUINCY",Quincy Olivari,Dolomiti Energia Trento,8,5,05:26,8,8,,Assist,0,0,0,0,0,0,2,0,0,0,0,0,0,0,0,1
12,1,2026-09-29 16:00:00,TRUE,home,1,NA,NA,0,0,0,0,0,0,0,78,KLA,P007830,CM,"FRANKE, YANNICK",Yannick Franke,Neptunas Klaipeda,5,5,05:26,8,8,,Foul,0,0,0,0,0,0,0,0,0,0,1,0,0,0,0,-1
12,1,2026-09-29 16:00:00,TRUE,away,1,NA,NA,0,0,0,0,0,0,0,79,TRN,P013756,RV,"NIANG, CHEICKH",Cheickh Niang,Dolomiti Energia Trento,7,5,05:26,8,8,,Foul Drawn,0,0,0,0,0,0,0,0,0,0,0,1,0,0,0,1
12,1,2026-09-29 16:00:00,TRUE,away,1,NA,NA,0,0,0,0,1,0,0,80,TRN,P013756,FTM,"NIANG, CHEICKH",Cheickh Niang,Dolomiti Energia Trento,7,5,05:26,8,9,,Free Throw In,0,0,0,0,1,1,0,0,0,0,0,0,0,0,5,1
12,1,2026-09-29 16:00:00,TRUE,home,1,NA,NA,1,0,0,0,0,0,0,81,KLA,P008260,3FGM,"DRELL, HENRI",Henri Drell,Neptunas Klaipeda,0,5,05:04,11,9,,Three Pointer,1,1,0,0,0,0,0,0,0,0,0,0,0,0,3,3
12,1,2026-09-29 16:00:00,TRUE,home,1,"FRANKE, YANNICK","DRELL, HENRI",0,0,0,0,0,0,0,82,KLA,P007830,AS,"FRANKE, YANNICK",Yannick Franke,Neptunas Klaipeda,5,5,05:02,11,9,,Assist,0,0,0,0,0,0,1,0,0,0,0,0,0,0,0,1
12,1,2026-09-29 16:00:00,TRUE,away,1,NA,NA,0,0,0,1,0,0,0,84,TRN,P014855,2FGA,"OLIVARI, QUINCY",Quincy Olivari,Dolomiti Energia Trento,8,6,04:49,11,9,,Missed Two Pointer,0,0,2,0,0,0,0,0,0,0,0,0,0,0,0,-1
12,1,2026-09-29 16:00:00,TRUE,home,1,NA,NA,0,0,0,0,0,0,0,85,KLA,P005522,D,"ECHODAS, MARTYNAS",Martynas Echodas,Neptunas Klaipeda,14,6,04:47,11,9,,Def Rebound,0,0,0,0,0,0,0,2,0,0,0,0,0,0,0,1
12,1,2026-09-29 16:00:00,TRUE,home,1,NA,NA,0,0,0,1,0,0,0,86,KLA,P008260,2FGA,"DRELL, HENRI",Henri Drell,Neptunas Klaipeda,0,6,04:40,11,9,,Missed Two Pointer,0,0,1,0,0,0,0,0,0,0,0,0,0,0,0,-1
12,1,2026-09-29 16:00:00,TRUE,home,1,NA,NA,0,0,0,0,0,0,0,87,KLA,P005860,O,"TAROLIS, DONATAS",Donatas Tarolis,Neptunas Klaipeda,1,6,04:37,11,9,,Off Rebound,0,0,0,0,0,0,0,0,1,0,0,0,0,0,0,1
12,1,2026-09-29 16:00:00,TRUE,away,1,NA,NA,0,0,0,0,0,0,0,88,TRN,P013756,CM,"NIANG, CHEICKH",Cheickh Niang,Dolomiti Energia Trento,7,6,04:34,11,9,,Foul,0,0,0,0,0,0,0,0,0,0,2,0,0,0,0,-1
12,1,2026-09-29 16:00:00,TRUE,home,1,NA,NA,0,0,0,0,0,0,0,89,KLA,P005522,RV,"ECHODAS, MARTYNAS",Martynas Echodas,Neptunas Klaipeda,14,6,04:34,11,9,,Foul Drawn,0,0,0,0,0,0,0,0,0,0,0,2,0,0,0,1
12,1,2026-09-29 16:00:00,TRUE,NA,1,NA,NA,0,0,0,0,0,0,0,90,,,TOUT_TV,NA,NA,NA,NA,6,04:34,11,9,,TV Time Out,0,0,0,0,0,0,0,0,0,0,0,0,0,0,0,0
12,1,2026-09-29 16:00:00,TRUE,home,1,NA,NA,0,0,0,0,0,0,0,91,KLA,P005860,OUT,"TAROLIS, DONATAS",Donatas Tarolis,Neptunas Klaipeda,1,6,04:34,11,9,,Out,0,0,0,0,0,0,0,0,0,0,0,0,0,0,0,0
12,1,2026-09-29 16:00:00,TRUE,home,1,NA,NA,0,0,0,0,0,0,0,92,KLA,P014907,IN,"FRIDRIKSSON, ELVAR",Elvar Fridriksson,Neptunas Klaipeda,10,6,04:34,11,9,,In,0,0,0,0,0,0,0,0,0,0,0,0,0,0,0,0
12,1,2026-09-29 16:00:00,TRUE,home,1,NA,NA,0,0,0,0,0,0,0,93,KLA,P005516,OUT,"ZEMAITIS, KRISTUPAS",Kristupas Zemaitis,Neptunas Klaipeda,13,6,04:34,11,9,,Out,0,0,0,0,0,0,0,0,0,0,0,0,0,0,0,0
12,1,2026-09-29 16:00:00,TRUE,home,1,NA,NA,0,0,0,0,0,0,0,94,KLA,P006856,IN,"TUBUTIS, EINARAS",Einaras Tubutis,Neptunas Klaipeda,37,6,04:34,11,9,,In,0,0,0,0,0,0,0,0,0,0,0,0,0,0,0,0
12,1,2026-09-29 16:00:00,TRUE,away,1,NA,NA,0,0,0,0,0,0,0,95,TRN,P010597,IN,"BERTINI, ALESSANDRO",Alessandro Bertini,Dolomiti Energia Trento,5,6,04:34,11,9,,In,0,0,0,0,0,0,0,0,0,0,0,0,0,0,0,0
12,1,2026-09-29 16:00:00,TRUE,away,1,NA,NA,0,0,0,0,0,0,0,96,TRN,P013756,OUT,"NIANG, CHEICKH",Cheickh Niang,Dolomiti Energia Trento,7,6,04:34,11,9,,Out,0,0,0,0,0,0,0,0,0,0,0,0,0,0,0,0
12,1,2026-09-29 16:00:00,TRUE,home,1,NA,NA,0,0,0,0,1,0,0,97,KLA,P005522,FTM,"ECHODAS, MARTYNAS",Martynas Echodas,Neptunas Klaipeda,14,6,04:34,12,9,,Free Throw In,0,0,0,0,1,1,0,0,0,0,0,0,0,0,1,1
12,1,2026-09-29 16:00:00,TRUE,home,1,NA,NA,0,0,0,0,1,0,0,98,KLA,P005522,FTM,"ECHODAS, MARTYNAS",Martynas Echodas,Neptunas Klaipeda,14,6,04:34,13,9,,Free Throw In,0,0,0,0,2,2,0,0,0,0,0,0,0,0,2,1
12,1,2026-09-29 16:00:00,TRUE,away,1,NA,NA,0,0,0,0,0,0,0,99,TRN,P014853,TO,"BROWN II, DARIUS",Darius Brown II,Dolomiti Energia Trento,0,6,04:27,13,9,,Turnover,0,0,0,0,0,0,0,0,0,1,0,0,0,0,0,-1
12,1,2026-09-29 16:00:00,TRUE,home,1,NA,NA,0,0,0,1,0,0,0,100,KLA,P007830,2FGA,"FRANKE, YANNICK",Yannick Franke,Neptunas Klaipeda,5,6,04:02,13,9,,Missed Two Pointer,0,0,3,0,0,0,0,0,0,0,0,0,0,0,0,-1
12,1,2026-09-29 16:00:00,TRUE,away,1,NA,NA,0,0,0,0,0,0,0,101,TRN,,D,NA,NA,Dolomiti Energia Trento,,6,04:02,13,9,,Def Rebound,0,0,0,0,0,0,0,1,0,0,0,0,0,0,0,1
12,1,2026-09-29 16:00:00,TRUE,home,1,NA,NA,0,0,0,0,0,0,0,102,KLA,P007830,OUT,"FRANKE, YANNICK",Yannick Franke,Neptunas Klaipeda,5,6,04:02,13,9,,Out,0,0,0,0,0,0,0,0,0,0,0,0,0,0,0,0
12,1,2026-09-29 16:00:00,TRUE,home,1,NA,NA,0,0,0,0,0,0,0,103,KLA,P005024,IN,"GIRDZIUNAS, MINDAUGAS",Mindaugas Girdziunas,Neptunas Klaipeda,8,6,04:02,13,9,,In,0,0,0,0,0,0,0,0,0,0,0,0,0,0,0,0
12,1,2026-09-29 16:00:00,TRUE,away,1,NA,NA,0,0,0,0,0,0,0,104,TRN,P014853,OUT,"BROWN II, DARIUS",Darius Brown II,Dolomiti Energia Trento,0,6,04:02,13,9,,Out,0,0,0,0,0,0,0,0,0,0,0,0,0,0,0,0
12,1,2026-09-29 16:00:00,TRUE,away,1,NA,NA,0,0,0,0,0,0,0,105,TRN,P013862,IN,"MEDINA BOUZA, JOSE",Jose Medina Bouza,Dolomiti Energia Trento,30,6,04:02,13,9,,In,0,0,0,0,0,0,0,0,0,0,0,0,0,0,0,0
12,1,2026-09-29 16:00:00,TRUE,away,1,NA,NA,0,0,0,1,0,0,0,107,TRN,P013862,2FGA,"MEDINA BOUZA, JOSE",Jose Medina Bouza,Dolomiti Energia Trento,30,7,03:43,13,9,,Missed Two Pointer,0,0,1,0,0,0,0,0,0,0,0,0,0,0,0,-1
12,1,2026-09-29 16:00:00,TRUE,away,1,NA,NA,0,0,0,0,0,0,0,108,TRN,P013862,O,"MEDINA BOUZA, JOSE",Jose Medina Bouza,Dolomiti Energia Trento,30,7,03:41,13,9,,Off Rebound,0,0,0,0,0,0,0,0,1,0,0,0,0,0,0,1
12,1,2026-09-29 16:00:00,TRUE,away,1,NA,NA,0,1,0,0,0,0,0,109,TRN,P006724,3FGA,"BAYEHE, JORDAN",Jordan Bayehe,Dolomiti Energia Trento,26,7,03:35,13,9,,Missed Three Pointer,1,0,0,0,0,0,0,0,0,0,0,0,0,0,0,-1
12,1,2026-09-29 16:00:00,TRUE,away,1,NA,NA,0,0,0,0,0,0,0,110,TRN,,O,NA,NA,Dolomiti Energia Trento,,7,03:35,13,9,,Off Rebound,0,0,0,0,0,0,0,0,1,0,0,0,0,0,0,1
12,1,2026-09-29 16:00:00,TRUE,home,1,NA,NA,0,0,0,0,0,0,0,111,KLA,P014907,CM,"FRIDRIKSSON, ELVAR",Elvar Fridriksson,Neptunas Klaipeda,10,7,03:35,13,9,,Foul,0,0,0,0,0,0,0,0,0,0,1,0,0,0,0,-1
12,1,2026-09-29 16:00:00,TRUE,away,1,NA,NA,0,0,0,0,0,0,0,112,TRN,P013862,RV,"MEDINA BOUZA, JOSE",Jose Medina Bouza,Dolomiti Energia Trento,30,7,03:35,13,9,,Foul Drawn,0,0,0,0,0,0,0,0,0,0,0,1,0,0,0,1
12,1,2026-09-29 16:00:00,TRUE,away,1,NA,NA,1,0,0,0,0,0,0,113,TRN,P010597,3FGM,"BERTINI, ALESSANDRO",Alessandro Bertini,Dolomiti Energia Trento,5,7,03:27,13,12,,Three Pointer,1,1,0,0,0,0,0,0,0,0,0,0,0,0,3,3
12,1,2026-09-29 16:00:00,TRUE,away,1,"BAYEHE, JORDAN","BERTINI, ALESSANDRO",0,0,0,0,0,0,0,114,TRN,P006724,AS,"BAYEHE, JORDAN",Jordan Bayehe,Dolomiti Energia Trento,26,7,03:25,13,12,,Assist,0,0,0,0,0,0,1,0,0,0,0,0,0,0,0,1
