team_ranking,team_code,team_tv_codes,team_name,team_image_url,games_played,minutes_played,points_scored,two_pointers_made,two_pointers_attempted,two_pointers_percentage,three_pointers_made,three_pointers_attempted,three_pointers_percentage,free_throws_made,free_throws_attempted,free_throws_percentage,offensive_rebounds,defensive_rebounds,total_rebounds,assists,steals,turnovers,blocks,blocks_against,fouls_commited,fouls_drawn,pir
1,FRA,SKY,Skyliners Frankfurt,https://media-cdn.cortextech.io/1dU3kpCqReRp93/1BSdBWIjCgOCpC/6afb32b8-e6dc-4f79-b14a-2d99fdb34cde.png,1,40,104,24,41,58.5%,13,29,44.8%,17,25,68%,14,31,45,22,6,11,8,4,18,23,134
2,RTK,ROS,Rostock Seawolves,https://media-cdn.cortextech.io/1dU3kpCqReRp93/1BSdBWIjCgOCpC/de14cdb9-c0f7-485f-84ac-f305ace44723.png,1,40,94,24,49,49%,8,18,44.4%,22,26,84.6%,15,27,42,24,7,11,2,1,23,24,119
3,LEM,MSB,Le Mans Sarthe Basket,https://media-cdn.cortextech.io/1dU3kpCqReRp93/1BSdBWIjCgOCpC/b8ec3298-5030-4865-8469-722a21b471c3.png,1,40,87,24,39,61.5%,7,29,24.1%,18,20,90%,15,34,49,23,10,16,5,3,23,23,116
4,BCR,ROM,ROMA BASKETBALL,https://media-cdn.cortextech.io/1dU3kpCqReRp93/1BSdBWIjCjnOS1/1e9e0379-db30-4234-89b0-19576709c285.png,1,40,91,25,42,59.5%,10,28,35.7%,11,18,61.1%,16,23,39,23,9,13,3,4,22,21,105
5,NIN,CHE,NINERS Chemnitz,https://media-cdn.cortextech.io/75ae96be-69f9-4e48-b5bd-b1056842db57.png,1,40,82,18,41,43.9%,7,21,33.3%,25,34,73.5%,16,32,48,17,12,18,5,2,22,24,100
5,RIG,RIG,Riga Zelli,https://media-cdn.cortextech.io/1dU3kpCqReRp93/1BSdBWIjCgOCpC/0ab8fe2a-5972-48c5-bdff-f5159ca0abe7.png,1,40,84,21,42,50%,10,25,40%,12,18,66.7%,13,32,45,17,5,9,1,0,22,21,100
7,TRT,DER,Baglietto Derthona Tortona,https://media-cdn.cortextech.io/1dU3kpCqReRp93/1BSdBWIjCjnONv/4976fa46-8eb4-471c-b6dd-4704866c5769.png,1,40,86,17,37,45.9%,12,29,41.4%,16,21,76.2%,9,28,37,16,5,6,0,1,21,22,96
8,BOS,BOS,Bosna Sarajevo,https://media-cdn.cortextech.io/1dU3kpCqReRp93/1BSdBWIjCjnOJl/0024f0d4-55d9-4ed0-be41-68c0e90c41d5.png,1,40,75,17,35,48.6%,9,28,32.1%,14,15,93.3%,12,20,32,15,13,14,2,2,19,19,83
9,BAH,BKS,Bahcesehir Koleji Istanbul,https://media-cdn.incrowdsports.com/1d3274d8-da86-4d21-9e97-6810ab88babe.png,1,40,78,22,34,64.7%,7,28,25%,13,18,72.2%,11,22,33,17,5,15,4,3,21,22,82
9,KLA,NEP,Neptunas Klaipeda,https://media-cdn.cortextech.io/ed0df5cd-c9e4-4387-bcd4-3606270cd255.png,1,40,76,23,46,50%,6,27,22.2%,12,18,66.7%,14,27,41,18,11,11,4,6,23,22,82
11,LLI,LDN,London Lions,https://media-cdn.cortextech.io/102de468-9e41-4b8e-b44d-23bebb9e916f.png,1,40,74,17,32,53.1%,7,17,41.2%,19,25,76%,6,27,33,19,4,14,3,2,27,21,80
11,SIA,SIA,Siauliai,https://media-cdn.cortextech.io/1dU3kpCqReRp93/1BSdBWIjCgOCpC/55a49aa3-e91f-45cc-88d0-670896ce5825.png,1,40,71,19,39,48.7%,4,22,18.2%,21,31,67.7%,15,20,35,18,7,8,2,3,21,27,80
13,TRN,TRE,Dolomiti Energia Trento,https://media-cdn.cortextech.io/1dU3kpCqReRp93/1BSdBWIjCcz1CG/e4ce6137-6d3f-4072-9480-c0b9a9cd617d.png,1,40,73,15,39,38.5%,9,31,29%,16,21,76.2%,19,32,51,17,3,18,6,4,22,23,78
14,LKB,LIE,Lietkabelis Panevezys ,https://media-cdn.cortextech.io/ffcb6e37-31f4-48f6-91c2-a8c9a6f791a9.png,1,40,72,18,40,45%,8,19,42.1%,12,17,70.6%,14,25,39,16,5,21,2,2,19,19,73
15,ARI,ARI,Aris Thessaloniki,https://media-cdn.cortextech.io/77e0fd97-1489-4e3c-8e70-ca39075460c0.png,1,40,74,16,41,39%,9,31,29%,15,21,71.4%,15,23,38,14,8,16,3,5,23,21,61
15,JER,JLM,Hapoel  Midtown Jerusalem,https://media-cdn.cortextech.io/1dU3kpCqReRp93/1BSdBWIjCiezvp/6d6e8da8-550f-4d1f-8a06-4611227e0c31.png,1,40,73,15,38,39.5%,10,29,34.5%,13,16,81.2%,13,21,34,13,4,16,1,2,24,23,61
17,BUR,TOF,Tofas Bursa,https://media-cdn.cortextech.io/1dU3kpCqReRp93/1BSdBWIjChWbHH/72e5c4e0-abe1-43ce-bfb7-dcb025bb4adc.png,1,40,69,14,34,41.2%,6,34,17.6%,23,27,85.2%,17,24,41,17,6,17,2,5,24,22,59
18,VNC,URV,Umana Reyer Venice,https://media-cdn.incrowdsports.com/104f5074-9f23-47da-a21f-f2078db8244c.png,1,40,72,15,41,36.6%,11,32,34.4%,9,15,60%,17,22,39,14,5,14,4,8,23,18,54
