team_ranking,team_code,team_tv_codes,team_name,team_image_url,games_played,effective_field_goal_percentage,true_shooting_percentage,offensive_rebounds_percentage,defensive_rebounds_percentage,rebounds_percentage,assists_to_turnovers_ratio,assists_ratio,turnovers_ratio,two_point_rate,three_point_rate,free_throws_rate,points_from_two_pointers_percentage,points_from_three_pointers_percentage,points_from_free_throws_percentage
1,BLK,BLK,Balkan Botevgrad,https://media-cdn.cortextech.io/1dU3kpCqReRp93/1BSdBWIjCgOCpC/ba6e2d99-3ea9-4730-a0ce-830cccca4657.png,2,73.3%,73.4%,28.6%,75.3%,57.7%,1.4,20.3%,14%,59.3%,40.7%,33.9%,52.3%,34.7%,13.1%
2,LEM,MSB,Le Mans Sarthe Basket,https://media-cdn.cortextech.io/1dU3kpCqReRp93/1BSdBWIjCgOCpC/b8ec3298-5030-4865-8469-722a21b471c3.png,2,51.4%,56.7%,39.2%,71.7%,56.7%,1.4,18.8%,13.1%,63.8%,36.2%,28.3%,53.4%,27.3%,19.3%
3,FRA,SKY,Skyliners Frankfurt,https://media-cdn.cortextech.io/1dU3kpCqReRp93/1BSdBWIjCgOCpC/6afb32b8-e6dc-4f79-b14a-2d99fdb34cde.png,2,57%,58.5%,32%,73.6%,54.3%,1.3,16.9%,12.7%,59.3%,40.7%,24.4%,53.7%,34.3%,12%
3,RTK,ROS,Rostock Seawolves,https://media-cdn.cortextech.io/1dU3kpCqReRp93/1BSdBWIjCgOCpC/de14cdb9-c0f7-485f-84ac-f305ace44723.png,2,54.3%,59.3%,25.4%,68.3%,48.4%,1.8,19.3%,11%,63.3%,36.7%,42.2%,42.2%,35%,22.8%
5,MAN,MAN,Kids&Us Manresa ,https://media-cdn.cortextech.io/1dU3kpCqReRp93/1BSdBWIjCgOCpC/06792bed-0383-4de2-80b9-95ecca3fd973.png,1,57.8%,62.4%,29.4%,76.1%,56.2%,1,13.7%,13.7%,60.9%,39.1%,37.5%,53.8%,25.8%,20.4%
6,BCR,ROM,ROMA BASKETBALL,https://media-cdn.cortextech.io/1dU3kpCqReRp93/1BSdBWIjCjnOS1/1e9e0379-db30-4234-89b0-19576709c285.png,1,57.1%,58.4%,42.1%,67.6%,54.2%,1.8,20.2%,11.4%,60%,40%,25.7%,54.9%,33%,12.1%
7,CLU,UBT,U-BT Cluj-Napoca,https://media-cdn.incrowdsports.com/ae3e2844-0615-41bb-a788-a4f0d54b8d5e.png,2,56.2%,60.5%,31.3%,67.5%,50.7%,1.2,16.8%,13.5%,64.3%,35.7%,36.4%,45.3%,34.8%,19.9%
8,WRO,WKS,WKS Slask Wroclaw,https://media-cdn.incrowdsports.com/0415061b-5374-4a0d-bc04-8fcbc8ad0bb3.png,2,55%,59.6%,41.7%,79.5%,61.3%,1.2,18.4%,15.3%,53.8%,46.2%,36.9%,44.4%,35%,20.6%
9,RIG,RIG,Riga Zelli,https://media-cdn.cortextech.io/1dU3kpCqReRp93/1BSdBWIjCgOCpC/0ab8fe2a-5972-48c5-bdff-f5159ca0abe7.png,2,52.6%,55.9%,31.3%,84.2%,56.6%,1.5,17.5%,12%,59.3%,40.7%,30.4%,44.4%,38.6%,17%
10,TRN,TRE,Dolomiti Energia Trento,https://media-cdn.cortextech.io/1dU3kpCqReRp93/1BSdBWIjCcz1CG/e4ce6137-6d3f-4072-9480-c0b9a9cd617d.png,2,47.5%,52.6%,31%,66.7%,48.8%,1.3,17.2%,12.8%,65.9%,34.1%,34.1%,51.5%,26.9%,21.6%
11,BGS,BUR,Recoletas Salud San Pablo Burgos,https://media-cdn.cortextech.io/1dU3kpCqReRp93/1BSdBWIjCgOCxM/40c97670-177e-4c74-9f5f-76b528a0da86.png,2,50.4%,56%,36%,58.5%,47.8%,1.4,15.5%,11.3%,53.8%,46.2%,40.2%,47.1%,29.3%,23.6%
12,NIN,CHE,NINERS Chemnitz,https://media-cdn.cortextech.io/75ae96be-69f9-4e48-b5bd-b1056842db57.png,2,51.7%,58.3%,33.3%,69.2%,52.8%,0.9,15.1%,17.5%,62.1%,37.9%,51.7%,43.4%,28.9%,27.7%
12,LJU,COL,KK Cedevita Olimpija,https://media-cdn.incrowdsports.com/73b33d13-570e-4e49-a9cb-fe806831eaa7.png,2,55.8%,59.1%,34.8%,72%,55.4%,1,17.4%,17%,66.1%,33.9%,47.3%,46.2%,31.9%,21.9%
14,KLA,NEP,Neptunas Klaipeda,https://media-cdn.cortextech.io/ed0df5cd-c9e4-4387-bcd4-3606270cd255.png,2,53.7%,56.2%,28%,65.3%,46.3%,1.5,18.5%,12%,63%,37%,25.9%,59.2%,26.6%,14.2%
15,BUD,BUD,KK Buducnost,https://media-cdn.incrowdsports.com/47161285-94b3-4266-9d23-b722e8600945.png,2,57.9%,58.1%,25.7%,62.7%,44.8%,1.6,18.4%,11.6%,66.1%,33.9%,31.5%,53.6%,33.9%,12.5%
15,TRT,DER,Baglietto Derthona Tortona,https://media-cdn.cortextech.io/1dU3kpCqReRp93/1BSdBWIjCjnONv/4976fa46-8eb4-471c-b6dd-4704866c5769.png,2,49.3%,54%,23.8%,64.6%,44%,1.8,14.4%,7.9%,56.8%,43.2%,28.8%,43.8%,37.3%,18.9%
17,ULM,ULM,ratiopharm ulm,https://media-cdn.cortextech.io/5750bc8b-dd63-48e4-8586-10d4e5e2b4e2.png,1,55.1%,54.9%,28.9%,78.6%,50%,1.3,16%,12.2%,65.2%,34.8%,24.6%,69%,21.4%,9.5%
18,TNF,LLT,La Laguna Tenerife,https://media-cdn.cortextech.io/1dU3kpCqReRp93/1BSdBWIjCgOCpC/59bf7582-6c0b-4e14-bce6-1380aad90f34.png,2,50.4%,57.4%,41.8%,66.1%,53.5%,0.9,14.9%,16.4%,59.5%,40.5%,52.6%,43.9%,27.4%,28.7%
19,BOU,JLB,JL Bourg,https://media-cdn.incrowdsports.com/d4225e1b-7c1b-4382-98d4-ca8511c64441.png,2,54.6%,57.4%,32.4%,61.4%,48.3%,1,15.9%,15.5%,66.2%,33.8%,36.2%,57.8%,24.3%,17.9%
20,SIA,SIA,Siauliai,https://media-cdn.cortextech.io/1dU3kpCqReRp93/1BSdBWIjCgOCpC/55a49aa3-e91f-45cc-88d0-670896ce5825.png,2,45.5%,49.8%,25.9%,75.4%,47.9%,2.5,17.5%,7%,59.4%,40.6%,30.1%,54.7%,26%,19.3%
21,TTK,TTA,Turk Telekom Ankara,https://media-cdn.incrowdsports.com/4ba35608-54ca-4800-a59c-f2571e6f8e13.png,2,51.2%,55.8%,29.3%,61.1%,44.9%,1.4,19.3%,13.6%,55.2%,44.8%,32%,42.8%,37.7%,19.5%
21,PAO,PBC,PAOK Thessaloniki,https://media-cdn.cortextech.io/1dU3kpCqReRp93/1BSdBWIjChWbHH/0506e7c4-ec4b-460a-bc59-b033ad9e336c.png,2,46.6%,52.5%,30.3%,66.2%,47.6%,1.2,15.2%,12.6%,63%,37%,45.4%,56%,18%,26%
23,MRO,RMA,MAXIMA ROMA,https://media-cdn.cortextech.io/1dU3kpCqReRp93/1BSdBWIjChWbHH/f1547a87-c0bf-41ab-bf7e-a0001649430d.png,2,44.4%,48.8%,28.6%,76.8%,50.3%,1.1,14%,13.1%,56.7%,43.3%,28.4%,54.4%,26.5%,19%
23,BOS,BOS,Bosna Sarajevo,https://media-cdn.cortextech.io/1dU3kpCqReRp93/1BSdBWIjCjnOJl/0024f0d4-55d9-4ed0-be41-68c0e90c41d5.png,2,49.6%,54%,35.1%,59.4%,46.4%,1.3,16.1%,11.9%,52.8%,47.2%,21.3%,52%,32%,16%
25,VNC,URV,Umana Reyer Venice,https://media-cdn.incrowdsports.com/104f5074-9f23-47da-a21f-f2078db8244c.png,2,54.7%,55.9%,39.5%,61.6%,50.3%,0.9,14%,14.9%,60.1%,39.9%,23.2%,48.2%,40.6%,11.2%
26,NAP,NAP,Napoli Basketball,https://media-cdn.cortextech.io/1dU3kpCqReRp93/1BSdBWIjCgOCpC/c2de1d20-72f4-4453-95de-b4534db6d57f.png,2,46.5%,51.5%,33.8%,68.9%,48.9%,0.7,11.3%,16.7%,68.8%,31.2%,32.8%,57%,21.9%,21.2%
27,LLI,LDN,London Lions,https://media-cdn.cortextech.io/102de468-9e41-4b8e-b44d-23bebb9e916f.png,2,57.6%,60.3%,26.9%,62.5%,47.6%,1.4,21%,14.9%,60%,40%,43.8%,50.3%,29.8%,19.9%
28,BUR,TOF,Tofas Bursa,https://media-cdn.cortextech.io/1dU3kpCqReRp93/1BSdBWIjChWbHH/72e5c4e0-abe1-43ce-bfb7-dcb025bb4adc.png,2,40.5%,47%,36.6%,63.6%,48.8%,1.2,15.3%,12.6%,55.5%,44.5%,39.4%,47.7%,25.8%,26.5%
28,LKB,LIE,Lietkabelis Panevezys ,https://media-cdn.cortextech.io/ffcb6e37-31f4-48f6-91c2-a8c9a6f791a9.png,1,50.8%,54.2%,41.2%,67.6%,54.9%,0.8,15.5%,20.3%,67.8%,32.2%,28.8%,50%,33.3%,16.7%
30,ARI,ARI,Aris Thessaloniki,https://media-cdn.cortextech.io/77e0fd97-1489-4e3c-8e70-ca39075460c0.png,2,43.1%,46.6%,40%,60.5%,48.9%,1,14.6%,14.6%,61.4%,38.6%,31.7%,48.1%,33.1%,18.8%
31,BAH,BKS,Bahcesehir Koleji Istanbul,https://media-cdn.incrowdsports.com/1d3274d8-da86-4d21-9e97-6810ab88babe.png,2,46%,50.1%,26%,59.3%,40.4%,1.1,15.1%,13.5%,56.5%,43.5%,25%,52.2%,30.4%,17.4%
32,JER,JLM,Hapoel  Midtown Jerusalem,https://media-cdn.cortextech.io/1dU3kpCqReRp93/1BSdBWIjCiezvp/6d6e8da8-550f-4d1f-8a06-4611227e0c31.png,2,42.8%,46.5%,28.2%,59.2%,42.3%,0.9,12.5%,14%,59.8%,40.2%,26.5%,45.3%,37.2%,17.5%
