player_ranking,code,name,age,image_url,team_code,team_tv_codes,team_name,team_image_url,games_played,games_started,wins,losses,minutes_played,double_doubles,triple_doubles
1,011157,Johnathan Motley,31,https://media-cdn.cortextech.io/1dU3kpCqReRp93/1BSdBWIjCjnOS3/94c8ef3f-a59d-44bb-8d91-979ee4e075ec.png,RED,CZV,Crvena Zvezda Meridianbet Belgrade,https://media-cdn.incrowdsports.com/d2eef4a8-62df-4fdd-9076-276004268515.png,3,2,1,2,12.366666666666667,0,0
2,014742,Ethan Thompson,27,https://media-cdn.cortextech.io/1dU3kpCqReRp93/1BSdBWIjCjnONz/2fadad36-f7fa-4856-92c2-60493c034f06.png,PAR,PAR,Partizan Mozzart Bet Belgrade,https://media-cdn.incrowdsports.com/2681304e-77dd-4331-88b1-683078c0fb49.png,3,3,3,0,11.15,0,0
2,007513,Dovydas Giedraitis,26,https://media-cdn.cortextech.io/1dU3kpCqReRp93/1BSdBWIjCjnONz/767fb622-9a2b-4fae-ad01-39b3c64f046b.png,ZAL,ZAL,Zalgiris Kaunas,https://media-cdn.incrowdsports.com/0aa09358-3847-4c4e-b228-3582ee4e536d.png,3,2,1,2,11.31111111111111,0,0
2,009005,Gabriel Deck,31,https://media-cdn.cortextech.io/1dU3kpCqReRp93/1BSdBWIjCjnONy/4f3c13be-3d8d-4479-a430-26600d2aaf76.png,MAD,RMB,Real Madrid,https://media-cdn.incrowdsports.com/371b0d9b-9250-4c09-bda7-0686cf024657.png,3,1,0,3,17.099999999999998,0,0
5,014094,Stefan Miljenovic,25,https://media-cdn.cortextech.io/1dU3kpCqReRp93/1BSdBWIjCjnONz/8138f3db-604d-4f03-8279-94013721a3d7.png,RED,CZV,Crvena Zvezda Meridianbet Belgrade,https://media-cdn.incrowdsports.com/d2eef4a8-62df-4fdd-9076-276004268515.png,3,0,1,2,2.9555555555555557,0,0
5,007032,Maodo Lo,34,https://media-cdn.cortextech.io/1dU3kpCqReRp93/1BSdBWIjCjnONz/b9843075-3b7e-4e22-b4b3-24ab71044c9e.png,ZAL,ZAL,Zalgiris Kaunas,https://media-cdn.incrowdsports.com/0aa09358-3847-4c4e-b228-3582ee4e536d.png,3,0,1,2,15.644444444444444,0,0
7,005368,Santi Yusta,29,https://media-cdn.cortextech.io/1dU3kpCqReRp93/1BSdBWIjCjnONz/9bdd2088-7719-4be5-a88d-99d2dc6aaed2.png,IST,EFS,Anadolu Efes Istanbul,https://media-cdn.cortextech.io/1dU3kpCqReRp93/1BSdBWIjCgOCxM/a844756c-a58d-4666-93b8-48f7337bc79d.png,3,0,1,2,8.333333333333334,0,0
7,001844,Daniel Hackett,39,https://media-cdn.cortextech.io/1dU3kpCqReRp93/1BSdBWIjCjnONz/f3a04739-9830-4126-8c40-d7ac9b7ef187.png,VIR,VIR,Virtus Bologna,https://media-cdn.cortextech.io/1dU3kpCqReRp93/1BSdBWIjCiezvk/a92d4c3b-9f9c-4163-8a10-bcf8fc15893e.png,3,0,1,2,12.327777777777778,0,0
9,010431,Jeremy Morgan,31,https://media-cdn.cortextech.io/1dU3kpCqReRp93/1BSdBWIjCjnONz/86b88bde-0eb8-434c-97c5-1c343473963d.png,PRS,PBB,Paris Basketball,https://media-cdn.incrowdsports.com/a033e5b3-0de7-48a3-98d9-d9a4b9df1f39.png,4,0,1,3,12.941666666666666,0,0
10,014107,Stefan Joksimovic,18,https://media-cdn.cortextech.io/1dU3kpCqReRp93/1BSdBWIjCjnONy/0a550a35-2888-4a7a-8a0a-52ce8859b34b.png,BAS,KBA,Baskonia Vitoria-Gasteiz,https://media-cdn.cortextech.io/cbc49cb0-99ce-4462-bdb7-56983ee03cf4.png,3,0,1,2,6.888888888888889,0,0
10,011948,Markus Howard,27,https://media-cdn.cortextech.io/1dU3kpCqReRp93/1BSdBWIjCjnONy/50d10547-ade7-4abb-af2a-35ef3ceb0b01.png,BAS,KBA,Baskonia Vitoria-Gasteiz,https://media-cdn.cortextech.io/cbc49cb0-99ce-4462-bdb7-56983ee03cf4.png,3,0,1,2,10.444444444444445,0,0
12,014219,Francesco Ferrari,21,https://media-cdn.cortextech.io/1dU3kpCqReRp93/1BSdBWIjCjnONz/2c8a51e8-7003-4d2f-909f-208cb763fd00.png,VIR,VIR,Virtus Bologna,https://media-cdn.cortextech.io/1dU3kpCqReRp93/1BSdBWIjCiezvk/a92d4c3b-9f9c-4163-8a10-bcf8fc15893e.png,3,0,1,2,1.6333333333333335,0,0
12,008186,Marek Blazevic,25,https://media-cdn.cortextech.io/1dU3kpCqReRp93/1BSdBWIjCjnONz/656d0f39-73fb-44a9-8890-1284d8d8489d.png,ZAL,ZAL,Zalgiris Kaunas,https://media-cdn.incrowdsports.com/0aa09358-3847-4c4e-b228-3582ee4e536d.png,3,0,1,2,9.86111111111111,0,0
12,014802,Rasheed Bello,23,https://media-cdn.cortextech.io/1dU3kpCqReRp93/1BSdBWIjCjnONz/0cd10838-d234-40a2-869f-c7edb73fbe8b.png,VIR,VIR,Virtus Bologna,https://media-cdn.cortextech.io/1dU3kpCqReRp93/1BSdBWIjCiezvk/a92d4c3b-9f9c-4163-8a10-bcf8fc15893e.png,3,0,1,2,10.605555555555556,0,0
15,013381,William Rayman,29,https://media-cdn.cortextech.io/1dU3kpCqReRp93/1BSdBWIjCjnOO0/8d9e8529-db95-4e71-b212-68e2716504f6.png,TEL,MTA,Maccabi Rapyd Tel Aviv,https://media-cdn.cortextech.io/1b533342-78f5-4932-b714-a7d80b5826b5.png,3,0,0,3,5.361111111111111,0,0
16,003458,Davis Bertans,34,https://media-cdn.cortextech.io/1dU3kpCqReRp93/1BSdBWIjCjnONy/3a50124b-7e2e-4716-94c8-7e263a45cff5.png,DUB,DUB,Dubai Basketball,https://media-cdn.incrowdsports.com/1efae090-16e2-4963-ae47-4b94f249c244.png,3,0,2,1,11.716666666666667,0,0
17,006832,Yves Pons,27,https://media-cdn.cortextech.io/1dU3kpCqReRp93/1BSdBWIjCjnOS3/0620101a-be18-44b4-b152-63a5ca49cd74.png,ASV,ASV,LDLC ASVEL Villeurbanne,https://media-cdn.incrowdsports.com/e33c6d1a-95ca-4dbc-b8cb-0201812104cc.png,4,0,2,2,8.120833333333334,0,0
18,010391,Nick Weiler-Babb,31,https://media-cdn.cortextech.io/1dU3kpCqReRp93/1BSdBWIjCjnOS3/0954bf55-4ff8-4a05-986c-2e60f628276d.png,RED,CZV,Crvena Zvezda Meridianbet Belgrade,https://media-cdn.incrowdsports.com/d2eef4a8-62df-4fdd-9076-276004268515.png,3,1,1,2,20.961111111111112,0,0
18,003783,Berk Ugurlu,30,https://media-cdn.cortextech.io/1dU3kpCqReRp93/1BSdBWIjCjnONy/77ba51f1-2dd6-440d-b07f-8a4d28890f85.png,BES,BJK,Besiktas Istanbul,https://media-cdn.cortextech.io/1dU3kpCqReRp93/1BSdBWIjChWbHH/b05e3c54-e672-4b31-9f86-c91e9de7715c.png,3,0,1,2,8.561111111111112,0,0
18,011927,Dustin Sleva,31,https://media-cdn.cortextech.io/1dU3kpCqReRp93/1BSdBWIjCjnONz/f37f7850-396e-44d3-8dcc-c6503a4a76d3.png,ZAL,ZAL,Zalgiris Kaunas,https://media-cdn.incrowdsports.com/0aa09358-3847-4c4e-b228-3582ee4e536d.png,3,1,1,2,11.622222222222222,0,0
18,001133,Tornike Shengelia,35,https://media-cdn.cortextech.io/1dU3kpCqReRp93/1BSdBWIjCjnONy/4cb07e90-2192-4e12-9b9d-5fb1b565699e.png,DUB,DUB,Dubai Basketball,https://media-cdn.incrowdsports.com/1efae090-16e2-4963-ae47-4b94f249c244.png,3,0,2,1,13.411111111111111,0,0
18,011949,Daulton Hommes,30,https://media-cdn.cortextech.io/1dU3kpCqReRp93/1BSdBWIjCjnONz/7a9317da-cdf8-40cb-8098-e6d083d631ac.png,PRS,PBB,Paris Basketball,https://media-cdn.incrowdsports.com/a033e5b3-0de7-48a3-98d9-d9a4b9df1f39.png,4,0,1,3,11.45,0,0
23,011706,Mario Saint-Supery,20,https://media-cdn.cortextech.io/1dU3kpCqReRp93/1BSdBWIjCjnONy/444fcffe-f94d-4843-bdb7-801ba2b9b2cc.png,PAM,VBC,Valencia Basket,https://media-cdn.cortextech.io/1dU3kpCqReRp93/1BSdBWIjChWbHL/bc3e00b2-fea4-40be-a7ec-1e633129bde3.png,3,3,3,0,15.627777777777778,0,0
23,011823,Tai Odiase,31,https://media-cdn.cortextech.io/1dU3kpCqReRp93/1BSdBWIjCjnOS3/8395c88e-47d4-4ef4-b4d7-1a0eef18a4d9.png,HTA,HTA,Hapoel Tel Aviv,https://media-cdn.incrowdsports.com/cbb1c3ad-03d5-426a-b5ef-2832a4eee484.png,3,0,2,1,12.411111111111111,0,0
23,012080,Timothe Luwawu-Cabarrot,31,https://media-cdn.cortextech.io/1dU3kpCqReRp93/1BSdBWIjCjnONy/894b61b0-9ef5-4796-889d-6cf29eaede45.png,MAD,RMB,Real Madrid,https://media-cdn.incrowdsports.com/371b0d9b-9250-4c09-bda7-0686cf024657.png,3,2,0,3,19.82777777777778,0,0
23,013269,Myles Cale,27,https://media-cdn.cortextech.io/1dU3kpCqReRp93/1BSdBWIjCjnOS3/f809659a-6ca0-4d54-82db-a19c8e6b33a3.png,ASV,ASV,LDLC ASVEL Villeurbanne,https://media-cdn.incrowdsports.com/e33c6d1a-95ca-4dbc-b8cb-0201812104cc.png,3,1,1,2,14.566666666666668,0,0
23,003733,Alberto Abalde,31,https://media-cdn.cortextech.io/1dU3kpCqReRp93/1BSdBWIjCjnONy/f3b04ef8-b127-48a1-9be5-466f7729240c.png,MAD,RMB,Real Madrid,https://media-cdn.incrowdsports.com/371b0d9b-9250-4c09-bda7-0686cf024657.png,3,1,0,3,11.588888888888889,0,0
28,008855,Thomas Walkup,34,https://media-cdn.cortextech.io/1dU3kpCqReRp93/1BSdBWIjCjnONy/6b597c1d-5917-47f4-84ea-e4a857dc4555.png,DUB,DUB,Dubai Basketball,https://media-cdn.incrowdsports.com/1efae090-16e2-4963-ae47-4b94f249c244.png,3,0,2,1,11.388888888888888,0,0
28,008985,Leandro Bolmaro,26,https://media-cdn.cortextech.io/1dU3kpCqReRp93/1BSdBWIjCjnONy/407d3664-5298-4677-bba8-fd4b8fee4928.png,MIL,MIL,Armani Olimpia Milan,https://media-cdn.cortextech.io/1dU3kpCqReRp93/1BSdBWIjChWbHH/5c2f0ab6-f86a-4df0-b2f3-f9ab92f7267b.png,3,1,1,2,22.455555555555552,0,0
30,013284,Ish Wainright,32,https://media-cdn.cortextech.io/1dU3kpCqReRp93/1BSdBWIjCjnOS3/ffe1d2cd-9843-4d51-8fd6-2eeceac2c7cb.png,HTA,HTA,Hapoel Tel Aviv,https://media-cdn.incrowdsports.com/cbb1c3ad-03d5-426a-b5ef-2832a4eee484.png,3,1,2,1,19.144444444444442,0,0
30,012710,Ercan Osmani,28,https://media-cdn.cortextech.io/1dU3kpCqReRp93/1BSdBWIjCjnONz/c729041d-5c0b-41be-8118-be3d6ac73cb0.png,IST,EFS,Anadolu Efes Istanbul,https://media-cdn.cortextech.io/1dU3kpCqReRp93/1BSdBWIjCgOCxM/a844756c-a58d-4666-93b8-48f7337bc79d.png,3,0,1,2,17.555555555555554,0,0
30,014134,Miles Norris,26,https://media-cdn.cortextech.io/1dU3kpCqReRp93/1BSdBWIjCjnONy/d6a2fbe4-7f6f-4b84-824f-f41630898d84.png,MUN,BAY,FC Bayern Munich,https://media-cdn.incrowdsports.com/817b0e58-d595-4b09-ab0b-1e7cc26249ff.png,3,2,1,2,15.822222222222223,0,0
33,012618,Bodian Massa,29,https://media-cdn.cortextech.io/1dU3kpCqReRp93/1BSdBWIjCjnOS3/4f3bb25d-b835-4e0e-9159-8c1635c4ce2a.png,ASV,ASV,LDLC ASVEL Villeurbanne,https://media-cdn.incrowdsports.com/e33c6d1a-95ca-4dbc-b8cb-0201812104cc.png,4,0,2,2,14.279166666666667,0,0
34,001255,Kostas Papanikolaou,36,https://media-cdn.cortextech.io/1dU3kpCqReRp93/1BSdBWIjCjnONy/ecebd297-d0b7-49bb-b33b-160dfa77f564.png,OLY,OLY,Olympiacos Piraeus,https://media-cdn.incrowdsports.com/789423ac-3cdf-4b89-b11c-b458aa5f59a6.png,3,0,2,1,10.622222222222222,0,0
34,015138,Tyrese Martin,27,https://media-cdn.cortextech.io/1dU3kpCqReRp93/1BSdBWIjCjnONz/df36712f-78ef-48d7-b1b8-a28fab2554ba.png,BAR,BAR,FC Barcelona,https://media-cdn.incrowdsports.com/35dfa503-e417-481f-963a-bdf6f013763e.png,3,0,2,1,21.216666666666665,0,0
34,007736,Arijan Lakic,26,https://media-cdn.cortextech.io/1dU3kpCqReRp93/1BSdBWIjCjnONz/2d7f73eb-ff44-4a2a-8e85-7d535077120e.png,PAR,PAR,Partizan Mozzart Bet Belgrade,https://media-cdn.incrowdsports.com/2681304e-77dd-4331-88b1-683078c0fb49.png,3,0,3,0,20.033333333333335,0,0
37,013943,Daron Russell,28,https://media-cdn.cortextech.io/1dU3kpCqReRp93/1BSdBWIjCjnONz/bcca0fec-d463-42c1-942e-4d32eaebec50.png,IST,EFS,Anadolu Efes Istanbul,https://media-cdn.cortextech.io/1dU3kpCqReRp93/1BSdBWIjCgOCxM/a844756c-a58d-4666-93b8-48f7337bc79d.png,3,0,1,2,8.527777777777777,0,0
37,015142,Justin Minaya,27,https://media-cdn.cortextech.io/1dU3kpCqReRp93/1BSdBWIjCjnONz/cf6fbd14-c61e-4bb1-bdc6-0f0dd3e6f6e4.png,BAR,BAR,FC Barcelona,https://media-cdn.incrowdsports.com/35dfa503-e417-481f-963a-bdf6f013763e.png,3,2,2,1,15.1,0,0
37,013383,Wenyen Gabriel,29,https://media-cdn.cortextech.io/1dU3kpCqReRp93/1BSdBWIjCjnONy/bffa3555-b896-4e50-83dd-8207c2c08445.png,BES,BJK,Besiktas Istanbul,https://media-cdn.cortextech.io/1dU3kpCqReRp93/1BSdBWIjChWbHH/b05e3c54-e672-4b31-9f86-c91e9de7715c.png,3,0,1,2,11.105555555555556,0,0
37,006760,Isaac Bonga,27,https://media-cdn.cortextech.io/1dU3kpCqReRp93/1BSdBWIjCjnONz/7a8c7109-5192-4ff2-aa92-51bbaf656f60.png,PAN,PAO,Panathinaikos AKTOR Athens,https://media-cdn.incrowdsports.com/e3dff28a-9ec6-4faf-9d96-ecbc68f75780.png,3,0,3,0,17.194444444444446,0,0
37,007527,Brancou Badio,27,https://media-cdn.cortextech.io/1dU3kpCqReRp93/1BSdBWIjCjnONz/b1cbb8a2-0a79-41ff-ad4b-1f1b1feeb615.png,PAN,PAO,Panathinaikos AKTOR Athens,https://media-cdn.incrowdsports.com/e3dff28a-9ec6-4faf-9d96-ecbc68f75780.png,3,0,3,0,18.23888888888889,0,0
42,012403,Mouhamed Faye,21,https://media-cdn.cortextech.io/1dU3kpCqReRp93/1BSdBWIjCjnONz/2a94cfc5-db7e-4018-9c6f-b9ee436dd7b4.png,PRS,PBB,Paris Basketball,https://media-cdn.incrowdsports.com/a033e5b3-0de7-48a3-98d9-d9a4b9df1f39.png,4,4,1,3,12.354166666666666,0,0
43,014152,Kobi Simmons,29,https://media-cdn.cortextech.io/1dU3kpCqReRp93/1BSdBWIjCjnONy/b17aec54-7bd1-42a5-8b4c-c978b681473b.png,BAS,KBA,Baskonia Vitoria-Gasteiz,https://media-cdn.cortextech.io/cbc49cb0-99ce-4462-bdb7-56983ee03cf4.png,3,2,1,2,17.2,0,0
43,010393,Jaime Pradilla,25,https://media-cdn.cortextech.io/1dU3kpCqReRp93/1BSdBWIjCjnONy/b0854c40-4237-4e52-abd4-e3a4e485284f.png,MAD,RMB,Real Madrid,https://media-cdn.incrowdsports.com/371b0d9b-9250-4c09-bda7-0686cf024657.png,3,2,0,3,11.03888888888889,0,0
43,011981,Tyrique Jones,29,https://media-cdn.cortextech.io/1dU3kpCqReRp93/1BSdBWIjCjnONy/d4eeb2e8-2276-4d18-8ba5-1c4a7cbd6bc7.png,OLY,OLY,Olympiacos Piraeus,https://media-cdn.incrowdsports.com/789423ac-3cdf-4b89-b11c-b458aa5f59a6.png,3,1,2,1,10.472222222222223,0,0
43,015103,Damian Jones,31,https://media-cdn.cortextech.io/1dU3kpCqReRp93/1BSdBWIjCjnONy/2e235779-28c6-4d92-a693-6e822a8eb27e.png,MAD,RMB,Real Madrid,https://media-cdn.incrowdsports.com/371b0d9b-9250-4c09-bda7-0686cf024657.png,3,0,0,3,10.622222222222222,0,0
43,013929,Rj Cole,27,https://media-cdn.cortextech.io/1dU3kpCqReRp93/1BSdBWIjCjnONy/692c8bf5-073e-4893-9597-d5dd163f54a0.png,MIL,MIL,Armani Olimpia Milan,https://media-cdn.cortextech.io/1dU3kpCqReRp93/1BSdBWIjChWbHH/5c2f0ab6-f86a-4df0-b2f3-f9ab92f7267b.png,3,1,1,2,15.294444444444444,0,0
48,015085,Keaton Wallace,27,https://media-cdn.cortextech.io/1dU3kpCqReRp93/1BSdBWIjCjnOS3/e02ac33d-71ab-48ad-a3f9-b80df4096093.png,TEL,MTA,Maccabi Rapyd Tel Aviv,https://media-cdn.cortextech.io/1b533342-78f5-4932-b714-a7d80b5826b5.png,3,0,0,3,17.122222222222224,0,0
48,002968,Sertac Sanli,35,https://media-cdn.cortextech.io/1dU3kpCqReRp93/1BSdBWIjCjnONy/bd7e256f-313e-4f65-a244-a4316810947f.png,ULK,FBT,Fenerbahce Istanbul,https://media-cdn.cortextech.io/1dU3kpCqReRp93/1BSdBWIjCiezrk/aa39750a-6203-49ee-a87d-edd0c6f0397d.png,3,3,3,0,12.338888888888889,0,0
48,009048,Codi Miller-Mcintyre,32,https://media-cdn.cortextech.io/1dU3kpCqReRp93/1BSdBWIjCjnONy/b98b2f04-52a1-4c10-8f29-396df546162b.png,OLY,OLY,Olympiacos Piraeus,https://media-cdn.incrowdsports.com/789423ac-3cdf-4b89-b11c-b458aa5f59a6.png,3,3,2,1,18.877777777777776,0,0
48,011231,Jaron Blossomgame,33,https://media-cdn.cortextech.io/1dU3kpCqReRp93/1BSdBWIjCjnONy/fd29e0ea-12f6-4c03-947e-3f72b48e0db3.png,DUB,DUB,Dubai Basketball,https://media-cdn.incrowdsports.com/1efae090-16e2-4963-ae47-4b94f249c244.png,3,2,2,1,16.25,0,0
52,010781,Iffe Lundberg,32,https://media-cdn.cortextech.io/1dU3kpCqReRp93/1BSdBWIjCjnOS3/63defe93-90f3-4b5d-a197-23a4401c4d63.png,TEL,MTA,Maccabi Rapyd Tel Aviv,https://media-cdn.cortextech.io/1b533342-78f5-4932-b714-a7d80b5826b5.png,3,3,0,3,20.233333333333334,0,0
52,006482,David Kramer,29,https://media-cdn.cortextech.io/1dU3kpCqReRp93/1BSdBWIjCjnONz/9d36c176-682d-40c2-84f2-db9583dc94cc.png,RED,CZV,Crvena Zvezda Meridianbet Belgrade,https://media-cdn.incrowdsports.com/d2eef4a8-62df-4fdd-9076-276004268515.png,3,0,1,2,16.27777777777778,0,0
52,015160,Alize Johnson,30,https://media-cdn.cortextech.io/1dU3kpCqReRp93/1BSdBWIjCjnONz/57f5ff79-5f3f-422a-bc74-9f3eafe1a8a7.png,PRS,PBB,Paris Basketball,https://media-cdn.incrowdsports.com/a033e5b3-0de7-48a3-98d9-d9a4b9df1f39.png,3,0,1,2,13.222222222222221,0,0
52,014029,Ebuka Izundu,30,https://media-cdn.cortextech.io/1dU3kpCqReRp93/1BSdBWIjCjnONz/edc21d49-0112-45b4-b4ab-e5496c5c1600.png,RED,CZV,Crvena Zvezda Meridianbet Belgrade,https://media-cdn.incrowdsports.com/d2eef4a8-62df-4fdd-9076-276004268515.png,3,1,1,2,16.77777777777778,0,0
52,004007,Ognjen Dobric,32,https://media-cdn.cortextech.io/1dU3kpCqReRp93/1BSdBWIjCjnONz/88d6f616-1540-408a-828b-6c2754d939f6.png,RED,CZV,Crvena Zvezda Meridianbet Belgrade,https://media-cdn.incrowdsports.com/d2eef4a8-62df-4fdd-9076-276004268515.png,3,1,1,2,12.255555555555555,0,0
52,009992,Dario Brizuela,32,https://media-cdn.cortextech.io/1dU3kpCqReRp93/1BSdBWIjCjnONz/ce0ebb86-2c93-4aa6-8892-9ef1334d2d45.png,BAR,BAR,FC Barcelona,https://media-cdn.incrowdsports.com/35dfa503-e417-481f-963a-bdf6f013763e.png,3,0,2,1,17.983333333333334,0,0
58,011980,Nathan Sestina,29,https://media-cdn.cortextech.io/1dU3kpCqReRp93/1BSdBWIjCjnOS3/8ba46742-6769-488b-b657-85dce431176d.png,ASV,ASV,LDLC ASVEL Villeurbanne,https://media-cdn.incrowdsports.com/e33c6d1a-95ca-4dbc-b8cb-0201812104cc.png,4,0,2,2,14.545833333333333,0,0
58,015161,Marc-Owen Fodzo Dada,20,https://media-cdn.cortextech.io/1dU3kpCqReRp93/1BSdBWIjCjnOS3/d613be61-305f-4b48-9c51-5fc31e1011d6.png,ASV,ASV,LDLC ASVEL Villeurbanne,https://media-cdn.incrowdsports.com/e33c6d1a-95ca-4dbc-b8cb-0201812104cc.png,4,2,2,2,17.270833333333332,0,0
60,012515,Terry Tarpey,32,https://media-cdn.cortextech.io/1dU3kpCqReRp93/1BSdBWIjCjnONz/c9d9c3be-5f8b-4877-a12a-c757b239e3f0.png,PRS,PBB,Paris Basketball,https://media-cdn.incrowdsports.com/a033e5b3-0de7-48a3-98d9-d9a4b9df1f39.png,3,3,0,3,15.1,0,0
60,007464,Joel Parra,26,https://media-cdn.cortextech.io/1dU3kpCqReRp93/1BSdBWIjCjnONz/9a56a310-cebf-4640-ab91-5c7690d16c51.png,BAR,BAR,FC Barcelona,https://media-cdn.incrowdsports.com/35dfa503-e417-481f-963a-bdf6f013763e.png,3,3,2,1,26.87222222222222,0,0
60,001288,Vladimir Lucic,37,https://media-cdn.cortextech.io/1dU3kpCqReRp93/1BSdBWIjCjnONy/97200fba-aa27-4309-bc62-88c7a1688fa1.png,MUN,BAY,FC Bayern Munich,https://media-cdn.incrowdsports.com/817b0e58-d595-4b09-ab0b-1e7cc26249ff.png,3,1,1,2,16.47222222222222,0,0
60,012611,Sebastian Herrera,29,https://media-cdn.cortextech.io/1dU3kpCqReRp93/1BSdBWIjCjnOS9/b5503d41-21cd-421d-8cfe-bd6149707297.png,PRS,PBB,Paris Basketball,https://media-cdn.incrowdsports.com/a033e5b3-0de7-48a3-98d9-d9a4b9df1f39.png,4,3,1,3,18.766666666666666,0,0
64,009035,Joel Bolomboy,32,https://media-cdn.cortextech.io/1dU3kpCqReRp93/1BSdBWIjCjnOS3/454d73d1-9f8a-4520-bdb9-2c67f6fcf1b7.png,ASV,ASV,LDLC ASVEL Villeurbanne,https://media-cdn.incrowdsports.com/e33c6d1a-95ca-4dbc-b8cb-0201812104cc.png,4,4,2,2,18.466666666666665,0,0
65,011078,Darius Thompson,31,https://media-cdn.cortextech.io/1dU3kpCqReRp93/1BSdBWIjCjnONy/cd27e6f7-5e0b-45ac-a3e9-6f2c60adb886.png,MIL,MIL,Armani Olimpia Milan,https://media-cdn.cortextech.io/1dU3kpCqReRp93/1BSdBWIjChWbHH/5c2f0ab6-f86a-4df0-b2f3-f9ab92f7267b.png,3,2,1,2,18.97222222222222,0,0
65,011194,Filip Petrusev,26,https://media-cdn.cortextech.io/1dU3kpCqReRp93/1BSdBWIjCjnONy/12d855f3-30b7-4c5c-8078-91fe394bd701.png,DUB,DUB,Dubai Basketball,https://media-cdn.incrowdsports.com/1efae090-16e2-4963-ae47-4b94f249c244.png,3,1,2,1,11.305555555555555,0,0
65,014738,Bo Klintman,23,https://media-cdn.cortextech.io/1dU3kpCqReRp93/1BSdBWIjCjnONz/d0274316-1129-4094-87d7-1d434e9badd3.png,VIR,VIR,Virtus Bologna,https://media-cdn.cortextech.io/1dU3kpCqReRp93/1BSdBWIjCiezvk/a92d4c3b-9f9c-4163-8a10-bcf8fc15893e.png,3,1,1,2,18.400000000000002,0,0
65,011209,Panagiotis Kalaitzakis,27,https://media-cdn.cortextech.io/1dU3kpCqReRp93/1BSdBWIjCjnONz/d9142339-64d6-403e-a019-0b74bec5611e.png,PAN,PAO,Panathinaikos AKTOR Athens,https://media-cdn.incrowdsports.com/e3dff28a-9ec6-4faf-9d96-ecbc68f75780.png,3,3,3,0,19.01111111111111,0,0
65,013290,Justinian Jessup,28,https://media-cdn.cortextech.io/1dU3kpCqReRp93/1BSdBWIjCjnONy/ca7c1847-03d2-4271-a334-84de89bcd58d.png,MUN,BAY,FC Bayern Munich,https://media-cdn.incrowdsports.com/817b0e58-d595-4b09-ab0b-1e7cc26249ff.png,3,0,1,2,15.566666666666668,0,0
65,013367,Trent Forrest,28,https://media-cdn.cortextech.io/1dU3kpCqReRp93/1BSdBWIjCjnONy/ecddbfd3-de63-4853-8edd-e177eb099698.png,ULK,FBT,Fenerbahce Istanbul,https://media-cdn.cortextech.io/1dU3kpCqReRp93/1BSdBWIjCiezrk/aa39750a-6203-49ee-a87d-edd0c6f0397d.png,3,3,3,0,20.3,0,0
71,008173,Matteo Spagnolo,23,https://media-cdn.cortextech.io/1dU3kpCqReRp93/1BSdBWIjCjnONy/c46e739a-7112-423c-b1cf-1551460475dc.png,BAS,KBA,Baskonia Vitoria-Gasteiz,https://media-cdn.cortextech.io/cbc49cb0-99ce-4462-bdb7-56983ee03cf4.png,3,1,1,2,18.416666666666668,0,0
71,002939,Tomas Satoransky,35,https://media-cdn.cortextech.io/1dU3kpCqReRp93/1BSdBWIjCjnOS3/d69e270c-f55c-4c4f-a3aa-c9dbf4752d3a.png,HTA,HTA,Hapoel Tel Aviv,https://media-cdn.incrowdsports.com/cbb1c3ad-03d5-426a-b5ef-2832a4eee484.png,3,2,2,1,21.416666666666668,0,0
71,013667,Bruno Fernando,28,https://media-cdn.cortextech.io/1dU3kpCqReRp93/1BSdBWIjCjnONz/fc41fa87-3375-43b6-9a1d-f3778bc9f371.png,IST,EFS,Anadolu Efes Istanbul,https://media-cdn.cortextech.io/1dU3kpCqReRp93/1BSdBWIjCgOCxM/a844756c-a58d-4666-93b8-48f7337bc79d.png,3,3,1,2,19.855555555555558,0,0
71,013374,Mouhamet Diouf,25,https://media-cdn.cortextech.io/1dU3kpCqReRp93/1BSdBWIjCjnONz/44fceb26-24ea-4de5-b66b-724b5e569867.png,VIR,VIR,Virtus Bologna,https://media-cdn.cortextech.io/1dU3kpCqReRp93/1BSdBWIjCiezvk/a92d4c3b-9f9c-4163-8a10-bcf8fc15893e.png,3,0,1,2,11.822222222222223,0,0
71,014782,Jason Burnell,29,https://media-cdn.cortextech.io/1dU3kpCqReRp93/1BSdBWIjCjnONy/6fd162c7-1372-4d9e-ad83-f8f0f77816b4.png,MIL,MIL,Armani Olimpia Milan,https://media-cdn.cortextech.io/1dU3kpCqReRp93/1BSdBWIjChWbHH/5c2f0ab6-f86a-4df0-b2f3-f9ab92f7267b.png,3,0,1,2,16.16111111111111,0,0
76,006643,Josep Puerto,27,https://media-cdn.cortextech.io/1dU3kpCqReRp93/1BSdBWIjCjnONy/d1c5ad9a-5349-4738-a9e3-8f46f48e26ed.png,PAM,VBC,Valencia Basket,https://media-cdn.cortextech.io/1dU3kpCqReRp93/1BSdBWIjChWbHL/bc3e00b2-fea4-40be-a7ec-1e633129bde3.png,3,0,3,0,14.455555555555556,0,0
76,002328,Marius Grigonis,32,https://media-cdn.cortextech.io/1dU3kpCqReRp93/1BSdBWIjCjnONz/a937d295-3c94-4248-aa82-8a11f7caa809.png,ZAL,ZAL,Zalgiris Kaunas,https://media-cdn.incrowdsports.com/0aa09358-3847-4c4e-b228-3582ee4e536d.png,3,0,1,2,16.455555555555556,0,0
76,012742,Pj Dozier,30,https://media-cdn.cortextech.io/1dU3kpCqReRp93/1BSdBWIjCjnONz/92da8264-e1f6-434c-9923-a86d51b3affd.png,IST,EFS,Anadolu Efes Istanbul,https://media-cdn.cortextech.io/1dU3kpCqReRp93/1BSdBWIjCgOCxM/a844756c-a58d-4666-93b8-48f7337bc79d.png,3,1,1,2,14.994444444444445,0,0
76,004888,Will Clyburn,36,https://media-cdn.cortextech.io/1dU3kpCqReRp93/1BSdBWIjCjnONy/62a8ca97-d805-4218-adc6-26d09c7d9daa.png,ULK,FBT,Fenerbahce Istanbul,https://media-cdn.cortextech.io/1dU3kpCqReRp93/1BSdBWIjCiezrk/aa39750a-6203-49ee-a87d-edd0c6f0397d.png,3,0,3,0,20.394444444444442,0,0
76,002676,Arnas Butkevicius,34,https://media-cdn.cortextech.io/1dU3kpCqReRp93/1BSdBWIjCjnONz/30189b7a-3050-4119-9fbb-165978cd8f71.png,ZAL,ZAL,Zalgiris Kaunas,https://media-cdn.incrowdsports.com/0aa09358-3847-4c4e-b228-3582ee4e536d.png,3,3,1,2,18.494444444444444,0,0
81,013278,Austin Wiley,27,https://media-cdn.cortextech.io/1dU3kpCqReRp93/1BSdBWIjCjnONy/4fc56322-07ca-494a-8604-ac233c35cf4c.png,MUN,BAY,FC Bayern Munich,https://media-cdn.incrowdsports.com/817b0e58-d595-4b09-ab0b-1e7cc26249ff.png,3,3,1,2,16.105555555555558,0,0
81,005713,Rodions Kurucs,28,https://media-cdn.cortextech.io/1dU3kpCqReRp93/1BSdBWIjCjnONy/2c60a5d5-e755-43f1-8783-8810ad15d63a.png,BAS,KBA,Baskonia Vitoria-Gasteiz,https://media-cdn.cortextech.io/cbc49cb0-99ce-4462-bdb7-56983ee03cf4.png,3,2,1,2,17.56111111111111,0,0
81,010390,Kevarrius Hayes,29,https://media-cdn.cortextech.io/1dU3kpCqReRp93/1BSdBWIjCjnONz/0cd451e5-94a5-46fd-9b80-cb636427977a.png,PAR,PAR,Partizan Mozzart Bet Belgrade,https://media-cdn.incrowdsports.com/2681304e-77dd-4331-88b1-683078c0fb49.png,3,3,3,0,16.26111111111111,0,0
81,011247,Andres Feliz,29,https://media-cdn.cortextech.io/1dU3kpCqReRp93/1BSdBWIjCjnONy/f1b18434-916a-4d6b-95f4-daa88e901887.png,MAD,RMB,Real Madrid,https://media-cdn.incrowdsports.com/371b0d9b-9250-4c09-bda7-0686cf024657.png,3,0,0,3,18.07777777777778,0,0
81,009783,Bonzie Colson,30,https://media-cdn.cortextech.io/1dU3kpCqReRp93/1BSdBWIjCjnOS3/87d131fa-c5bc-4ad6-806f-b8fcf07dd682.png,TEL,MTA,Maccabi Rapyd Tel Aviv,https://media-cdn.cortextech.io/1b533342-78f5-4932-b714-a7d80b5826b5.png,3,3,0,3,18.66111111111111,0,0
86,013900,Both Gach,27,https://media-cdn.cortextech.io/1dU3kpCqReRp93/1BSdBWIjCjnOS3/baa64b06-2320-4ee7-8a5c-2eac569b87c1.png,ASV,ASV,LDLC ASVEL Villeurbanne,https://media-cdn.incrowdsports.com/e33c6d1a-95ca-4dbc-b8cb-0201812104cc.png,4,4,2,2,18.7875,0,0
86,015143,Tyson Etienne,27,https://media-cdn.cortextech.io/1dU3kpCqReRp93/1BSdBWIjCjnONz/6ac06b8d-b588-4bcd-8bbe-8b06198c7ff5.png,PRS,PBB,Paris Basketball,https://media-cdn.incrowdsports.com/a033e5b3-0de7-48a3-98d9-d9a4b9df1f39.png,4,0,1,3,17.520833333333332,0,0
88,011196,Donta Hall,29,https://media-cdn.cortextech.io/1dU3kpCqReRp93/1BSdBWIjCjnONy/ad2ae42b-2dcc-45ef-8b68-58484364d4af.png,OLY,OLY,Olympiacos Piraeus,https://media-cdn.incrowdsports.com/789423ac-3cdf-4b89-b11c-b458aa5f59a6.png,3,2,2,1,17.022222222222222,0,0
89,003526,David Lighty,38,https://media-cdn.cortextech.io/1dU3kpCqReRp93/1BSdBWIjCjnOS3/ca29fd28-aef3-414c-8b78-78525f8ac1eb.png,ASV,ASV,LDLC ASVEL Villeurbanne,https://media-cdn.incrowdsports.com/e33c6d1a-95ca-4dbc-b8cb-0201812104cc.png,4,0,2,2,11.329166666666667,0,0
90,014207,Eugene Omoruyi,29,https://media-cdn.cortextech.io/1dU3kpCqReRp93/1BSdBWIjCjnONy/953f26c1-239a-45b6-b0a1-759f378b9168.png,BES,BJK,Besiktas Istanbul,https://media-cdn.cortextech.io/1dU3kpCqReRp93/1BSdBWIjChWbHH/b05e3c54-e672-4b31-9f86-c91e9de7715c.png,3,1,1,2,18.58888888888889,0,0
90,012609,Collin Malcolm,29,https://media-cdn.cortextech.io/1dU3kpCqReRp93/1BSdBWIjCjnONz/cf5b29e9-6800-41cf-91d0-caf5ef30e20f.png,IST,EFS,Anadolu Efes Istanbul,https://media-cdn.cortextech.io/1dU3kpCqReRp93/1BSdBWIjCgOCxM/a844756c-a58d-4666-93b8-48f7337bc79d.png,3,2,1,2,19.02777777777778,0,0
90,013373,Leopold Cavaliere,30,https://media-cdn.cortextech.io/1dU3kpCqReRp93/1BSdBWIjCjnONz/63c6b216-3410-4c21-8ad0-a8277380c6b1.png,PRS,PBB,Paris Basketball,https://media-cdn.incrowdsports.com/a033e5b3-0de7-48a3-98d9-d9a4b9df1f39.png,4,0,1,3,14.966666666666667,0,0
90,007056,Devin Booker,35,https://media-cdn.cortextech.io/1dU3kpCqReRp93/1BSdBWIjCjnONy/bac6b071-e029-470a-b5fa-4cb66d11eef7.png,MIL,MIL,Armani Olimpia Milan,https://media-cdn.cortextech.io/1dU3kpCqReRp93/1BSdBWIjChWbHH/5c2f0ab6-f86a-4df0-b2f3-f9ab92f7267b.png,3,0,1,2,13.638888888888888,0,0
90,014005,Derrick Alston Jr.,29,https://media-cdn.cortextech.io/1dU3kpCqReRp93/1BSdBWIjCjnONz/3351b25e-52eb-478a-ad83-0e1a659b6337.png,VIR,VIR,Virtus Bologna,https://media-cdn.cortextech.io/1dU3kpCqReRp93/1BSdBWIjCiezvk/a92d4c3b-9f9c-4163-8a10-bcf8fc15893e.png,3,3,1,2,23.722222222222225,0,0
95,006896,Ignas Sargiunas,27,https://media-cdn.cortextech.io/1dU3kpCqReRp93/1BSdBWIjCjnONy/61f0148f-2f1f-4fc2-885c-c26b959001a5.png,ULK,FBT,Fenerbahce Istanbul,https://media-cdn.cortextech.io/1dU3kpCqReRp93/1BSdBWIjCiezrk/aa39750a-6203-49ee-a87d-edd0c6f0397d.png,3,0,3,0,16.961111111111112,0,0
95,014008,Justin Robinson,29,https://media-cdn.cortextech.io/1dU3kpCqReRp93/1BSdBWIjCjnONz/d326f31e-8ffc-40bb-8d8f-ad41f16d794e.png,BAR,BAR,FC Barcelona,https://media-cdn.incrowdsports.com/35dfa503-e417-481f-963a-bdf6f013763e.png,3,3,2,1,18.127777777777776,0,0
95,011924,Kyle Allman,29,https://media-cdn.cortextech.io/1dU3kpCqReRp93/1BSdBWIjCjnONz/48a32899-b6b5-4dae-b435-52397b480cf3.png,PAR,PAR,Partizan Mozzart Bet Belgrade,https://media-cdn.incrowdsports.com/2681304e-77dd-4331-88b1-683078c0fb49.png,3,0,3,0,21.11111111111111,0,0
98,002329,Edgaras Ulanovas,34,https://media-cdn.cortextech.io/1dU3kpCqReRp93/1BSdBWIjCjnONz/5d1b2a2a-4d68-4723-8389-d86a4d6f8b6b.png,ZAL,ZAL,Zalgiris Kaunas,https://media-cdn.incrowdsports.com/0aa09358-3847-4c4e-b228-3582ee4e536d.png,3,0,1,2,15.21111111111111,0,0
98,007831,Shavon Shields,32,https://media-cdn.cortextech.io/1dU3kpCqReRp93/1BSdBWIjCjnONy/696f7e80-c1c7-41d6-a64c-c187bdd6ed4d.png,ULK,FBT,Fenerbahce Istanbul,https://media-cdn.cortextech.io/1dU3kpCqReRp93/1BSdBWIjCiezrk/aa39750a-6203-49ee-a87d-edd0c6f0397d.png,3,3,3,0,20.2,0,0
98,011214,Jasiel Rivero,33,https://media-cdn.cortextech.io/1dU3kpCqReRp93/1BSdBWIjCjnONy/846bcba4-d936-4a76-964c-2a38b7f543da.png,PAM,VBC,Valencia Basket,https://media-cdn.cortextech.io/1dU3kpCqReRp93/1BSdBWIjChWbHL/bc3e00b2-fea4-40be-a7ec-1e633129bde3.png,3,0,3,0,15.005555555555555,0,0
98,012738,Nathan Reuvers,28,https://media-cdn.cortextech.io/1dU3kpCqReRp93/1BSdBWIjCjnONy/8a3e5dbd-9539-4d4e-96f9-dc0c78f20665.png,PAM,VBC,Valencia Basket,https://media-cdn.cortextech.io/1dU3kpCqReRp93/1BSdBWIjChWbHL/bc3e00b2-fea4-40be-a7ec-1e633129bde3.png,3,3,3,0,16.572222222222223,0,0
98,014786,Jaylen Nowell,27,https://media-cdn.cortextech.io/1dU3kpCqReRp93/1BSdBWIjCjnONy/d95bb7c0-778e-4971-8c37-0b346e9017ec.png,BES,BJK,Besiktas Istanbul,https://media-cdn.cortextech.io/1dU3kpCqReRp93/1BSdBWIjChWbHH/b05e3c54-e672-4b31-9f86-c91e9de7715c.png,3,3,1,2,20.866666666666667,0,0
98,015140,Olivier Nkamhoua,26,https://media-cdn.cortextech.io/1dU3kpCqReRp93/1BSdBWIjCjnONz/8361d06b-f258-4f93-8c46-f64ef63f0c4f.png,BAR,BAR,FC Barcelona,https://media-cdn.incrowdsports.com/35dfa503-e417-481f-963a-bdf6f013763e.png,3,0,2,1,17.694444444444446,0,0
98,015029,Trent Frazier,28,https://media-cdn.cortextech.io/1dU3kpCqReRp93/1BSdBWIjCjnONz/b8414f77-acc5-4101-bec2-522b8eca7002.png,VIR,VIR,Virtus Bologna,https://media-cdn.cortextech.io/1dU3kpCqReRp93/1BSdBWIjCiezvk/a92d4c3b-9f9c-4163-8a10-bcf8fc15893e.png,3,1,1,2,20.455555555555556,0,0
98,014027,Mamadi Diakite,29,https://media-cdn.cortextech.io/1dU3kpCqReRp93/1BSdBWIjCjnONy/56f6929b-4dc8-4b27-8241-52186ffe2f52.png,DUB,DUB,Dubai Basketball,https://media-cdn.incrowdsports.com/1efae090-16e2-4963-ae47-4b94f249c244.png,3,0,2,1,16.994444444444444,0,0
98,014736,Damion Baugh,26,https://media-cdn.cortextech.io/1dU3kpCqReRp93/1BSdBWIjCjnONy/b1eb5eea-4457-4ba1-a5c0-4b3c68ce4f48.png,BAS,KBA,Baskonia Vitoria-Gasteiz,https://media-cdn.cortextech.io/cbc49cb0-99ce-4462-bdb7-56983ee03cf4.png,3,1,1,2,15.277777777777779,0,0
107,012610,Tyson Ward,29,https://media-cdn.cortextech.io/1dU3kpCqReRp93/1BSdBWIjCjnONy/d47af427-fc27-4cdd-9e0a-139476098ec6.png,OLY,OLY,Olympiacos Piraeus,https://media-cdn.incrowdsports.com/789423ac-3cdf-4b89-b11c-b458aa5f59a6.png,3,3,2,1,20.72222222222222,0,0
107,015139,Stanley Umude,27,https://media-cdn.cortextech.io/1dU3kpCqReRp93/1BSdBWIjCjnONz/b8113804-254a-4e2c-a6b8-08cc6f2d4393.png,BAR,BAR,FC Barcelona,https://media-cdn.incrowdsports.com/35dfa503-e417-481f-963a-bdf6f013763e.png,3,1,2,1,14.71111111111111,0,0
107,007519,Rokas Jokubaitis,26,https://media-cdn.cortextech.io/1dU3kpCqReRp93/1BSdBWIjCjnONy/03d55f7c-60e5-4129-9024-38b32702d9fa.png,MUN,BAY,FC Bayern Munich,https://media-cdn.incrowdsports.com/817b0e58-d595-4b09-ab0b-1e7cc26249ff.png,3,0,1,2,15.144444444444444,0,0
107,013402,Antonio Blakeney,30,https://media-cdn.cortextech.io/1dU3kpCqReRp93/1BSdBWIjCjnOS3/106944f7-27db-4406-ac08-ed59628d5191.png,HTA,HTA,Hapoel Tel Aviv,https://media-cdn.incrowdsports.com/cbb1c3ad-03d5-426a-b5ef-2832a4eee484.png,3,0,2,1,25.61111111111111,0,0
111,014115,Omari Moore,26,https://media-cdn.cortextech.io/1dU3kpCqReRp93/1BSdBWIjCjnONy/68732c89-3262-41af-abe0-0798fbb5f77f.png,PAM,VBC,Valencia Basket,https://media-cdn.cortextech.io/1dU3kpCqReRp93/1BSdBWIjChWbHL/bc3e00b2-fea4-40be-a7ec-1e633129bde3.png,3,0,3,0,17.01111111111111,0,0
111,012613,Mikael Jantunen,26,https://media-cdn.cortextech.io/1dU3kpCqReRp93/1BSdBWIjCjnONy/10bea46c-6970-4540-be9a-e6ef97ea0121.png,MAD,RMB,Real Madrid,https://media-cdn.incrowdsports.com/371b0d9b-9250-4c09-bda7-0686cf024657.png,3,1,0,3,20.5,0,0
113,011052,Yam Madar,26,https://media-cdn.cortextech.io/1dU3kpCqReRp93/1BSdBWIjCjnOO0/2ed6fb94-2e87-467d-89f6-67500e3e76b8.png,TEL,MTA,Maccabi Rapyd Tel Aviv,https://media-cdn.cortextech.io/1b533342-78f5-4932-b714-a7d80b5826b5.png,3,1,0,3,20.833333333333332,0,0
113,014102,Kai Jones,25,https://media-cdn.cortextech.io/1dU3kpCqReRp93/1BSdBWIjCjnONz/f6863e93-e184-46e1-bae5-00166020bd7f.png,IST,EFS,Anadolu Efes Istanbul,https://media-cdn.cortextech.io/1dU3kpCqReRp93/1BSdBWIjCgOCxM/a844756c-a58d-4666-93b8-48f7337bc79d.png,3,0,1,2,13.816666666666668,0,0
113,014163,Jared Butler,26,https://media-cdn.cortextech.io/1dU3kpCqReRp93/1BSdBWIjCjnONz/df3943a2-33b5-43e8-9922-bc85f4c4c84e.png,RED,CZV,Crvena Zvezda Meridianbet Belgrade,https://media-cdn.incrowdsports.com/d2eef4a8-62df-4fdd-9076-276004268515.png,3,0,1,2,15.133333333333333,0,0
116,008099,Matthew Strazel,24,https://media-cdn.cortextech.io/1dU3kpCqReRp93/1BSdBWIjCjnONz/d299652d-429d-4226-89d6-8286c61c0533.png,IST,EFS,Anadolu Efes Istanbul,https://media-cdn.cortextech.io/1dU3kpCqReRp93/1BSdBWIjCgOCxM/a844756c-a58d-4666-93b8-48f7337bc79d.png,3,3,1,2,23.277777777777775,0,0
116,012700,Dj Stewart,27,https://media-cdn.cortextech.io/1dU3kpCqReRp93/1BSdBWIjCjnONy/3227ae52-09cc-4723-a410-4cc76c99a30b.png,BAS,KBA,Baskonia Vitoria-Gasteiz,https://media-cdn.cortextech.io/cbc49cb0-99ce-4462-bdb7-56983ee03cf4.png,3,3,1,2,23.16111111111111,0,0
116,002580,Vasilije Micic,32,https://media-cdn.cortextech.io/1dU3kpCqReRp93/1BSdBWIjCjnOS3/cccc5974-56b3-4e34-9b5e-7b0a2f1f344f.png,HTA,HTA,Hapoel Tel Aviv,https://media-cdn.incrowdsports.com/cbb1c3ad-03d5-426a-b5ef-2832a4eee484.png,3,3,2,1,30.605555555555554,0,0
116,002849,Nicolo Melli,35,https://media-cdn.cortextech.io/1dU3kpCqReRp93/1BSdBWIjCjnONy/fbee5e3e-f8f5-4393-827b-4a3ddefeaa88.png,ULK,FBT,Fenerbahce Istanbul,https://media-cdn.cortextech.io/1dU3kpCqReRp93/1BSdBWIjCiezrk/aa39750a-6203-49ee-a87d-edd0c6f0397d.png,3,0,3,0,20.883333333333333,0,0
116,013380,Evan Fournier,34,https://media-cdn.cortextech.io/1dU3kpCqReRp93/1BSdBWIjCjnONy/8294e767-cda1-4ff8-baf4-92ecdd9a919d.png,OLY,OLY,Olympiacos Piraeus,https://media-cdn.incrowdsports.com/789423ac-3cdf-4b89-b11c-b458aa5f59a6.png,3,0,2,1,21.63888888888889,0,0
121,015168,Tj Warren,33,https://media-cdn.cortextech.io/1dU3kpCqReRp93/1BSdBWIjCjnONz/2cbebf40-51a9-4b7f-8663-47130a0f2364.png,PRS,PBB,Paris Basketball,https://media-cdn.incrowdsports.com/a033e5b3-0de7-48a3-98d9-d9a4b9df1f39.png,4,4,1,3,19.166666666666668,0,0
122,007201,Johannes Voigtmann,34,https://media-cdn.cortextech.io/1dU3kpCqReRp93/1BSdBWIjCjnONy/28518dcb-f41d-4ea7-b76c-8217072ca3d2.png,MUN,BAY,FC Bayern Munich,https://media-cdn.incrowdsports.com/817b0e58-d595-4b09-ab0b-1e7cc26249ff.png,3,0,1,2,16.894444444444442,0,0
122,005637,Nikola Tanaskovic,29,https://media-cdn.cortextech.io/1dU3kpCqReRp93/1BSdBWIjCjnONz/006c0b2b-dc89-4472-b380-42b164584efd.png,PAR,PAR,Partizan Mozzart Bet Belgrade,https://media-cdn.incrowdsports.com/2681304e-77dd-4331-88b1-683078c0fb49.png,3,2,3,0,18.22222222222222,0,0
122,004508,Andreas Obst,30,https://media-cdn.cortextech.io/1dU3kpCqReRp93/1BSdBWIjCjnONy/735bad25-9548-4914-ab3b-81729ee9d61c.png,MUN,BAY,FC Bayern Munich,https://media-cdn.incrowdsports.com/817b0e58-d595-4b09-ab0b-1e7cc26249ff.png,3,3,1,2,24.37777777777778,0,0
122,006835,Jaylen Hoard,27,https://media-cdn.cortextech.io/1dU3kpCqReRp93/1BSdBWIjCjnOS3/f984c4c4-4a29-4483-8f55-b6bb6bb0e2a0.png,TEL,MTA,Maccabi Rapyd Tel Aviv,https://media-cdn.cortextech.io/1b533342-78f5-4932-b714-a7d80b5826b5.png,3,3,0,3,24.733333333333334,0,0
122,011305,Tyson Carter,28,https://media-cdn.cortextech.io/1dU3kpCqReRp93/1BSdBWIjCjnONz/d37da46b-3d80-49da-b17f-da29dc096626.png,RED,CZV,Crvena Zvezda Meridianbet Belgrade,https://media-cdn.incrowdsports.com/d2eef4a8-62df-4fdd-9076-276004268515.png,3,3,1,2,18.377777777777776,0,0
122,009025,Anthony Brown,34,https://media-cdn.cortextech.io/1dU3kpCqReRp93/1BSdBWIjCjnONy/6fadd0a7-fdbd-4e56-9a1c-75ba0c800f3c.png,BES,BJK,Besiktas Istanbul,https://media-cdn.cortextech.io/1dU3kpCqReRp93/1BSdBWIjChWbHH/b05e3c54-e672-4b31-9f86-c91e9de7715c.png,3,2,1,2,26.63888888888889,0,0
128,015165,Tremont Waters,28,https://media-cdn.cortextech.io/1dU3kpCqReRp93/1BSdBWIjCjnOS3/d6e1e61f-236c-478e-920b-0df1f3779bbb.png,ASV,ASV,LDLC ASVEL Villeurbanne,https://media-cdn.incrowdsports.com/e33c6d1a-95ca-4dbc-b8cb-0201812104cc.png,4,2,2,2,19.6375,0,0
129,013699,Jimmy Clark III,25,https://media-cdn.cortextech.io/1dU3kpCqReRp93/1BSdBWIjCjnOS3/006c60ff-e935-4695-8889-a1ab9a512eff.png,TEL,MTA,Maccabi Rapyd Tel Aviv,https://media-cdn.cortextech.io/1b533342-78f5-4932-b714-a7d80b5826b5.png,3,2,0,3,20.016666666666666,0,0
130,010581,Dylan Osetkowski,30,https://media-cdn.cortextech.io/1dU3kpCqReRp93/1BSdBWIjCjnONy/77868a0a-7b7e-4fd9-82a0-fd766388f479.png,PAM,VBC,Valencia Basket,https://media-cdn.cortextech.io/1dU3kpCqReRp93/1BSdBWIjChWbHL/bc3e00b2-fea4-40be-a7ec-1e633129bde3.png,3,1,3,0,18.405555555555555,0,0
130,014010,Allan Dokossi,27,https://media-cdn.cortextech.io/1dU3kpCqReRp93/1BSdBWIjCjnONz/33d6b1bb-2e42-42de-98e3-c02c475d36d1.png,PRS,PBB,Paris Basketball,https://media-cdn.incrowdsports.com/a033e5b3-0de7-48a3-98d9-d9a4b9df1f39.png,4,0,1,3,20.916666666666668,0,0
132,013363,Jordan Nwora,28,https://media-cdn.cortextech.io/1dU3kpCqReRp93/1BSdBWIjCjnONz/9398d5d9-12c5-4b31-8cd6-5a8ab6e253fb.png,RED,CZV,Crvena Zvezda Meridianbet Belgrade,https://media-cdn.incrowdsports.com/d2eef4a8-62df-4fdd-9076-276004268515.png,3,2,1,2,22.233333333333334,0,0
132,010568,Chris Jones,33,https://media-cdn.cortextech.io/1dU3kpCqReRp93/1BSdBWIjCjnONz/2c65eadb-a044-456e-ba03-db9c4790c25d.png,RED,CZV,Crvena Zvezda Meridianbet Belgrade,https://media-cdn.incrowdsports.com/d2eef4a8-62df-4fdd-9076-276004268515.png,3,2,1,2,14.977777777777776,0,0
132,011987,Carsen Edwards,28,https://media-cdn.cortextech.io/1dU3kpCqReRp93/1BSdBWIjCjnONz/bbb31a52-7c6a-4536-9039-9899b5c0f4f8.png,ZAL,ZAL,Zalgiris Kaunas,https://media-cdn.incrowdsports.com/0aa09358-3847-4c4e-b228-3582ee4e536d.png,3,3,1,2,22.972222222222225,0,0
132,014735,Chris Duarte,29,https://media-cdn.cortextech.io/1dU3kpCqReRp93/1BSdBWIjCjnONy/c7dd4e15-a679-4f8e-8891-168c6aef086f.png,BAS,KBA,Baskonia Vitoria-Gasteiz,https://media-cdn.cortextech.io/cbc49cb0-99ce-4462-bdb7-56983ee03cf4.png,3,2,1,2,20.433333333333334,0,0
132,005928,Facundo Campazzo,35,https://media-cdn.cortextech.io/1dU3kpCqReRp93/1BSdBWIjCjnONy/76403e82-85ef-455e-a8d9-1ed4d2858efe.png,MAD,RMB,Real Madrid,https://media-cdn.incrowdsports.com/371b0d9b-9250-4c09-bda7-0686cf024657.png,3,3,0,3,19.616666666666667,0,0
132,014127,O'Shae J Brissett,28,https://media-cdn.cortextech.io/1dU3kpCqReRp93/1BSdBWIjCjnOS3/a5a60d09-ef95-4264-86a0-a558d353ef58.png,TEL,MTA,Maccabi Rapyd Tel Aviv,https://media-cdn.cortextech.io/1b533342-78f5-4932-b714-a7d80b5826b5.png,3,0,0,3,23.022222222222222,0,0
138,010545,Neal Sako,28,https://media-cdn.cortextech.io/1dU3kpCqReRp93/1BSdBWIjCjnONy/abd62f56-26d6-4f58-aa4e-54d9c2606c55.png,PAM,VBC,Valencia Basket,https://media-cdn.cortextech.io/1dU3kpCqReRp93/1BSdBWIjChWbHL/bc3e00b2-fea4-40be-a7ec-1e633129bde3.png,3,0,3,0,13.833333333333334,0,0
138,014178,Jared Rhoden,27,https://media-cdn.cortextech.io/1dU3kpCqReRp93/1BSdBWIjCjnONz/7934ce9d-4a65-4f45-bc46-e22eb56660bc.png,PRS,PBB,Paris Basketball,https://media-cdn.incrowdsports.com/a033e5b3-0de7-48a3-98d9-d9a4b9df1f39.png,3,2,1,2,20.044444444444444,0,0
138,014737,Wendell Moore,25,https://media-cdn.cortextech.io/1dU3kpCqReRp93/1BSdBWIjCjnONz/2d92fbef-34d7-4af0-8786-eda390ffbb6a.png,VIR,VIR,Virtus Bologna,https://media-cdn.cortextech.io/1dU3kpCqReRp93/1BSdBWIjCiezvk/a92d4c3b-9f9c-4163-8a10-bcf8fc15893e.png,3,3,1,2,23.822222222222223,0,0
138,007866,Konstantinos Mitoglou,30,https://media-cdn.cortextech.io/1dU3kpCqReRp93/1BSdBWIjCjnONz/90d5376e-f240-4e2f-93d5-3fca317e5301.png,PAN,PAO,Panathinaikos AKTOR Athens,https://media-cdn.incrowdsports.com/e3dff28a-9ec6-4faf-9d96-ecbc68f75780.png,3,3,3,0,17.955555555555556,0,0
138,011284,Kenneth Faried,37,https://media-cdn.cortextech.io/1dU3kpCqReRp93/1BSdBWIjCjnONy/b0840890-3358-47e0-9672-0ef3c5172b90.png,BAS,KBA,Baskonia Vitoria-Gasteiz,https://media-cdn.cortextech.io/cbc49cb0-99ce-4462-bdb7-56983ee03cf4.png,3,1,1,2,20.43888888888889,0,0
138,014416,Kessler Edwards,26,https://media-cdn.cortextech.io/1dU3kpCqReRp93/1BSdBWIjCjnONz/2a8752bb-1e79-44fb-9f45-1f0ebcfb7465.png,VIR,VIR,Virtus Bologna,https://media-cdn.cortextech.io/1dU3kpCqReRp93/1BSdBWIjCiezvk/a92d4c3b-9f9c-4163-8a10-bcf8fc15893e.png,3,2,1,2,25.444444444444443,0,0
144,011982,Semi Ojeleye,32,https://media-cdn.cortextech.io/1dU3kpCqReRp93/1BSdBWIjCjnONz/734ca587-f81e-4974-985f-3857a1a66bf8.png,RED,CZV,Crvena Zvezda Meridianbet Belgrade,https://media-cdn.incrowdsports.com/d2eef4a8-62df-4fdd-9076-276004268515.png,3,3,1,2,25.099999999999998,0,0
144,013384,Armoni Brooks,28,https://media-cdn.cortextech.io/1dU3kpCqReRp93/1BSdBWIjCjnONy/5d219537-9bfc-443e-a3a7-cb8cb997c849.png,PAM,VBC,Valencia Basket,https://media-cdn.cortextech.io/1dU3kpCqReRp93/1BSdBWIjChWbHL/bc3e00b2-fea4-40be-a7ec-1e633129bde3.png,3,0,3,0,20.994444444444444,0,0
146,012606,Mckinley Wright IV,28,https://media-cdn.cortextech.io/1dU3kpCqReRp93/1BSdBWIjCjnONy/ed6dcc8c-2978-4685-aaf8-de47979d3440.png,DUB,DUB,Dubai Basketball,https://media-cdn.incrowdsports.com/1efae090-16e2-4963-ae47-4b94f249c244.png,3,3,2,1,24.67222222222222,0,0
147,009754,Jordan Loyd,33,https://media-cdn.cortextech.io/1dU3kpCqReRp93/1BSdBWIjCjnONz/e404b8ed-9a3b-480e-8b3f-ce49905188b5.png,IST,EFS,Anadolu Efes Istanbul,https://media-cdn.cortextech.io/1dU3kpCqReRp93/1BSdBWIjCgOCxM/a844756c-a58d-4666-93b8-48f7337bc79d.png,3,0,1,2,20.822222222222223,0,0
147,011204,Jerian Grant,34,https://media-cdn.cortextech.io/1dU3kpCqReRp93/1BSdBWIjCjnOS1/4cc9a8ca-6edf-4914-a69e-78e845899b7c.png,PAN,PAO,Panathinaikos AKTOR Athens,https://media-cdn.incrowdsports.com/e3dff28a-9ec6-4faf-9d96-ecbc68f75780.png,3,3,3,0,16.55,0,0
149,006739,Alessandro Pajola,27,https://media-cdn.cortextech.io/1dU3kpCqReRp93/1BSdBWIjCjnONz/d80ae7ee-8755-47b7-8194-2d74312eefc9.png,PAR,PAR,Partizan Mozzart Bet Belgrade,https://media-cdn.incrowdsports.com/2681304e-77dd-4331-88b1-683078c0fb49.png,3,1,3,0,22.849999999999998,0,0
149,011212,Elie Okobo,29,https://media-cdn.cortextech.io/1dU3kpCqReRp93/1BSdBWIjCjnONy/a55f9e28-d54a-439e-9333-6a685dd7d798.png,DUB,DUB,Dubai Basketball,https://media-cdn.incrowdsports.com/1efae090-16e2-4963-ae47-4b94f249c244.png,3,3,2,1,30.083333333333332,0,0
151,014168,Braxton Key,29,https://media-cdn.cortextech.io/1dU3kpCqReRp93/1BSdBWIjCjnONy/3f004905-928d-4e58-a51f-a19b0aa852e5.png,ULK,FBT,Fenerbahce Istanbul,https://media-cdn.cortextech.io/1dU3kpCqReRp93/1BSdBWIjCiezrk/aa39750a-6203-49ee-a87d-edd0c6f0397d.png,3,3,3,0,23.927777777777777,1,0
151,007553,Olek Balcerowski,26,https://media-cdn.cortextech.io/1dU3kpCqReRp93/1BSdBWIjCjnONz/98c4a713-a23c-48ab-9b5f-a85e335713e6.png,BAR,BAR,FC Barcelona,https://media-cdn.incrowdsports.com/35dfa503-e417-481f-963a-bdf6f013763e.png,3,3,2,1,21.48888888888889,0,0
153,009680,Conor Morgan,32,https://media-cdn.cortextech.io/1dU3kpCqReRp93/1BSdBWIjCjnONy/82716e49-3b79-4d6e-a9e1-909f5e456a12.png,BES,BJK,Besiktas Istanbul,https://media-cdn.cortextech.io/1dU3kpCqReRp93/1BSdBWIjChWbHH/b05e3c54-e672-4b31-9f86-c91e9de7715c.png,3,2,1,2,22.177777777777777,0,0
153,008084,Eleftherios Mantzoukas,23,https://media-cdn.cortextech.io/1dU3kpCqReRp93/1BSdBWIjCjnONz/7800be8a-37bf-41af-88c2-3b9bc954454d.png,PAN,PAO,Panathinaikos AKTOR Athens,https://media-cdn.incrowdsports.com/e3dff28a-9ec6-4faf-9d96-ecbc68f75780.png,3,3,3,0,22.788888888888888,0,0
155,012201,Chima Moneke,31,https://media-cdn.cortextech.io/1dU3kpCqReRp93/1BSdBWIjCjnONz/08270e7f-2a17-43ae-a234-5b83ebc80a63.png,RED,CZV,Crvena Zvezda Meridianbet Belgrade,https://media-cdn.incrowdsports.com/d2eef4a8-62df-4fdd-9076-276004268515.png,3,0,1,2,22.583333333333332,0,0
156,015166,Jae Crowder,36,https://media-cdn.cortextech.io/1dU3kpCqReRp93/1BSdBWIjCjnOS3/40639706-c3c2-478d-9d64-e0e5f20ab561.png,ASV,ASV,LDLC ASVEL Villeurbanne,https://media-cdn.incrowdsports.com/e33c6d1a-95ca-4dbc-b8cb-0201812104cc.png,4,4,2,2,24.5875,0,0
157,007230,Tadas Sedekerskis,28,https://media-cdn.cortextech.io/1dU3kpCqReRp93/1BSdBWIjCjnONy/6d9e7b46-0476-4952-bef8-584efabcd9da.png,BAS,KBA,Baskonia Vitoria-Gasteiz,https://media-cdn.cortextech.io/cbc49cb0-99ce-4462-bdb7-56983ee03cf4.png,3,2,1,2,15.827777777777778,0,0
157,008829,Alec Peters,31,https://media-cdn.cortextech.io/1dU3kpCqReRp93/1BSdBWIjCjnONy/246ecdad-02e8-4cd5-8fe2-4d2cc3a57d3d.png,MIL,MIL,Armani Olimpia Milan,https://media-cdn.cortextech.io/1dU3kpCqReRp93/1BSdBWIjChWbHH/5c2f0ab6-f86a-4df0-b2f3-f9ab92f7267b.png,3,3,1,2,26.144444444444446,0,0
159,004554,Ante Zizic,29,https://media-cdn.cortextech.io/1dU3kpCqReRp93/1BSdBWIjCjnONy/17184188-fa8a-44d6-b2d7-ec3267572455.png,BES,BJK,Besiktas Istanbul,https://media-cdn.cortextech.io/1dU3kpCqReRp93/1BSdBWIjChWbHH/b05e3c54-e672-4b31-9f86-c91e9de7715c.png,3,3,1,2,17.755555555555556,0,0
159,005985,Mike James,36,https://media-cdn.cortextech.io/1dU3kpCqReRp93/1BSdBWIjCjnONz/286b3dbb-72aa-4f86-aa59-d254a86448c5.png,IST,EFS,Anadolu Efes Istanbul,https://media-cdn.cortextech.io/1dU3kpCqReRp93/1BSdBWIjCgOCxM/a844756c-a58d-4666-93b8-48f7337bc79d.png,3,3,1,2,28.555555555555557,0,0
161,010357,Guerschon Yabusele,31,https://media-cdn.cortextech.io/1dU3kpCqReRp93/1BSdBWIjCjnONz/8cff617e-e2d9-4588-af8b-8d1360a1e307.png,PAN,PAO,Panathinaikos AKTOR Athens,https://media-cdn.incrowdsports.com/e3dff28a-9ec6-4faf-9d96-ecbc68f75780.png,3,3,3,0,19.88888888888889,0,0
161,012731,Mbaye Ndiaye,27,https://media-cdn.cortextech.io/1dU3kpCqReRp93/1BSdBWIjCjnONy/df9f4f8d-6000-4fe4-a5fe-b463326723c4.png,OLY,OLY,Olympiacos Piraeus,https://media-cdn.incrowdsports.com/789423ac-3cdf-4b89-b11c-b458aa5f59a6.png,3,0,2,1,15.394444444444444,0,0
161,008987,Zach Leday,32,https://media-cdn.cortextech.io/1dU3kpCqReRp93/1BSdBWIjCjnOS3/637ca732-ad9c-44e2-97b6-37ac6f19deda.png,HTA,HTA,Hapoel Tel Aviv,https://media-cdn.incrowdsports.com/cbb1c3ad-03d5-426a-b5ef-2832a4eee484.png,3,3,2,1,16.855555555555558,0,0
164,012720,Sterling Brown,31,https://media-cdn.cortextech.io/1dU3kpCqReRp93/1BSdBWIjCjnONz/d3819345-099e-4a06-8c2a-399d94b9766e.png,ZAL,ZAL,Zalgiris Kaunas,https://media-cdn.incrowdsports.com/0aa09358-3847-4c4e-b228-3582ee4e536d.png,3,0,1,2,20.538888888888888,0,0
165,012640,Nadir Hifi,24,https://media-cdn.cortextech.io/1dU3kpCqReRp93/1BSdBWIjCjnONz/c4dc8064-fc52-451a-b27c-0aa9ec164948.png,PRS,PBB,Paris Basketball,https://media-cdn.incrowdsports.com/a033e5b3-0de7-48a3-98d9-d9a4b9df1f39.png,4,4,1,3,26.070833333333333,0,0
166,012878,Moses Wright,28,https://media-cdn.cortextech.io/1dU3kpCqReRp93/1BSdBWIjCjnONy/44aa0f82-0341-41b1-97e4-e1ff901f8578.png,MIL,MIL,Armani Olimpia Milan,https://media-cdn.cortextech.io/1dU3kpCqReRp93/1BSdBWIjChWbHH/5c2f0ab6-f86a-4df0-b2f3-f9ab92f7267b.png,3,3,1,2,25.650000000000002,0,0
166,011219,Roman Sorkin,30,https://media-cdn.cortextech.io/1dU3kpCqReRp93/1BSdBWIjCjnOS3/c056fe88-30e4-4adf-81b8-5817e9132d13.png,TEL,MTA,Maccabi Rapyd Tel Aviv,https://media-cdn.cortextech.io/1b533342-78f5-4932-b714-a7d80b5826b5.png,3,2,0,3,18.81111111111111,0,0
166,011205,Devon Hall,31,https://media-cdn.cortextech.io/1dU3kpCqReRp93/1BSdBWIjCjnONy/f1f593da-33f7-4d2f-a4f7-7b8ec129e4ad.png,MIL,MIL,Armani Olimpia Milan,https://media-cdn.cortextech.io/1dU3kpCqReRp93/1BSdBWIjChWbHH/5c2f0ab6-f86a-4df0-b2f3-f9ab92f7267b.png,3,3,1,2,28.61111111111111,1,0
169,015164,Hugo Besson,25,https://media-cdn.cortextech.io/1dU3kpCqReRp93/1BSdBWIjCjnOS3/600b9dfa-df21-4159-99e3-b95e4bd180f7.png,ASV,ASV,LDLC ASVEL Villeurbanne,https://media-cdn.incrowdsports.com/e33c6d1a-95ca-4dbc-b8cb-0201812104cc.png,4,1,2,2,21.183333333333334,0,0
170,011217,Kameron Taylor,32,https://media-cdn.cortextech.io/1dU3kpCqReRp93/1BSdBWIjCjnONy/3b0e8ccd-7ede-4942-9275-87284f367e54.png,PAM,VBC,Valencia Basket,https://media-cdn.cortextech.io/1dU3kpCqReRp93/1BSdBWIjChWbHL/bc3e00b2-fea4-40be-a7ec-1e633129bde3.png,3,3,3,0,22.21666666666667,0,0
170,012788,Dan Oturu,27,https://media-cdn.cortextech.io/1dU3kpCqReRp93/1BSdBWIjCjnOO0/4f6f71f3-8978-49e7-9c3f-313c81ae0339.png,HTA,HTA,Hapoel Tel Aviv,https://media-cdn.incrowdsports.com/cbb1c3ad-03d5-426a-b5ef-2832a4eee484.png,3,2,2,1,21.67222222222222,1,0
170,014734,A.j. Lawson,26,https://media-cdn.cortextech.io/1dU3kpCqReRp93/1BSdBWIjCjnONy/a9426b8e-4e4a-4d16-ae5c-c14540a8f11f.png,BAS,KBA,Baskonia Vitoria-Gasteiz,https://media-cdn.cortextech.io/cbc49cb0-99ce-4462-bdb7-56983ee03cf4.png,3,1,1,2,25.472222222222225,0,0
170,013285,Devon Dotson,27,https://media-cdn.cortextech.io/1dU3kpCqReRp93/1BSdBWIjCjnONy/72093b12-8294-4e00-9a8a-aec2692d2c9b.png,BES,BJK,Besiktas Istanbul,https://media-cdn.cortextech.io/1dU3kpCqReRp93/1BSdBWIjChWbHH/b05e3c54-e672-4b31-9f86-c91e9de7715c.png,3,2,1,2,24.650000000000002,0,0
170,012707,Marcus Carr,27,https://media-cdn.cortextech.io/1dU3kpCqReRp93/1BSdBWIjCjnONz/3c9492d7-56e9-4a4e-9d49-8d6c7c20b2c7.png,VIR,VIR,Virtus Bologna,https://media-cdn.cortextech.io/1dU3kpCqReRp93/1BSdBWIjCiezvk/a92d4c3b-9f9c-4163-8a10-bcf8fc15893e.png,3,3,1,2,22.455555555555552,1,0
175,007947,Luca Vildoza,31,https://media-cdn.cortextech.io/1dU3kpCqReRp93/1BSdBWIjCjnONz/8cabc4e6-be71-4962-9876-f7beda50343f.png,PAR,PAR,Partizan Mozzart Bet Belgrade,https://media-cdn.incrowdsports.com/2681304e-77dd-4331-88b1-683078c0fb49.png,3,0,3,0,19.622222222222224,0,0
175,005791,Walter Tavares,34,https://media-cdn.cortextech.io/1dU3kpCqReRp93/1BSdBWIjCjnONy/741a7c56-5df6-4b34-a1b5-7dc4c49cc98d.png,MAD,RMB,Real Madrid,https://media-cdn.incrowdsports.com/371b0d9b-9250-4c09-bda7-0686cf024657.png,3,3,0,3,23.53333333333333,1,0
177,006661,Scottie Wilbekin,33,https://media-cdn.cortextech.io/1dU3kpCqReRp93/1BSdBWIjCjnONy/a66ef548-089c-4cb2-8645-e397472f11be.png,BES,BJK,Besiktas Istanbul,https://media-cdn.cortextech.io/1dU3kpCqReRp93/1BSdBWIjChWbHH/b05e3c54-e672-4b31-9f86-c91e9de7715c.png,3,0,1,2,24.144444444444446,0,0
177,013855,Umoja Gibson,28,https://media-cdn.cortextech.io/1dU3kpCqReRp93/1BSdBWIjCjnONz/953aae61-f795-4df6-b558-ea91b4f9d7e5.png,BAR,BAR,FC Barcelona,https://media-cdn.incrowdsports.com/35dfa503-e417-481f-963a-bdf6f013763e.png,3,0,2,1,21.033333333333335,0,0
179,010042,Jean Montero,23,https://media-cdn.cortextech.io/1dU3kpCqReRp93/1BSdBWIjCjnONy/a67a26a1-5ce5-4dad-801b-a2ca76c83d72.png,OLY,OLY,Olympiacos Piraeus,https://media-cdn.incrowdsports.com/789423ac-3cdf-4b89-b11c-b458aa5f59a6.png,3,0,2,1,21.88888888888889,0,0
179,014124,Talen Horton Tucker,26,https://media-cdn.cortextech.io/1dU3kpCqReRp93/1BSdBWIjCjnONy/4c8a9b8b-d490-490a-839f-507390c765c4.png,ULK,FBT,Fenerbahce Istanbul,https://media-cdn.cortextech.io/1dU3kpCqReRp93/1BSdBWIjCiezrk/aa39750a-6203-49ee-a87d-edd0c6f0397d.png,3,3,3,0,20.88888888888889,0,0
181,012796,Mfiondu Kabengele,29,https://media-cdn.cortextech.io/1dU3kpCqReRp93/1BSdBWIjCjnONy/c758af2a-bc8d-4e9a-ac62-362597904633.png,DUB,DUB,Dubai Basketball,https://media-cdn.incrowdsports.com/1efae090-16e2-4963-ae47-4b94f249c244.png,3,3,2,1,24.405555555555555,0,0
182,015163,Patty Mills,38,https://media-cdn.cortextech.io/1dU3kpCqReRp93/1BSdBWIjCjnOS3/5ba43974-6f81-4a02-8adb-ee2fa6b5ea74.png,ASV,ASV,LDLC ASVEL Villeurbanne,https://media-cdn.incrowdsports.com/e33c6d1a-95ca-4dbc-b8cb-0201812104cc.png,4,2,2,2,20.866666666666667,0,0
183,007975,Sylvain Francisco,29,https://media-cdn.cortextech.io/1dU3kpCqReRp93/1BSdBWIjCjnOS1/e5467e2c-9009-4189-8e8b-35d8347f5b54.png,PAN,PAO,Panathinaikos AKTOR Athens,https://media-cdn.incrowdsports.com/e3dff28a-9ec6-4faf-9d96-ecbc68f75780.png,3,0,3,0,20.766666666666666,0,0
183,009863,Wade Baldwin IV,30,https://media-cdn.cortextech.io/1dU3kpCqReRp93/1BSdBWIjCjnONy/43d87c83-f7d6-4748-bb4b-cb59f5875ee4.png,ULK,FBT,Fenerbahce Istanbul,https://media-cdn.cortextech.io/1dU3kpCqReRp93/1BSdBWIjCiezrk/aa39750a-6203-49ee-a87d-edd0c6f0397d.png,3,0,3,0,22.061111111111114,0,0
185,003112,Dario Saric,32,https://media-cdn.cortextech.io/1dU3kpCqReRp93/1BSdBWIjCjnONz/afdb2e3e-694e-44f2-a8d9-d97aa89dd86e.png,IST,EFS,Anadolu Efes Istanbul,https://media-cdn.cortextech.io/1dU3kpCqReRp93/1BSdBWIjCgOCxM/a844756c-a58d-4666-93b8-48f7337bc79d.png,3,3,1,2,25.233333333333334,1,0
186,003958,Johannes Thiemann,32,https://media-cdn.cortextech.io/1dU3kpCqReRp93/1BSdBWIjCjnONy/433d3d49-72bc-4d2e-b2e4-7e0af18677d6.png,MUN,BAY,FC Bayern Munich,https://media-cdn.incrowdsports.com/817b0e58-d595-4b09-ab0b-1e7cc26249ff.png,3,1,1,2,21.08888888888889,0,0
187,009849,Tyler Dorsey,30,https://media-cdn.cortextech.io/1dU3kpCqReRp93/1BSdBWIjCjnONy/6faa6ab7-bfe2-4651-b381-c61e9da117fb.png,OLY,OLY,Olympiacos Piraeus,https://media-cdn.incrowdsports.com/789423ac-3cdf-4b89-b11c-b458aa5f59a6.png,3,3,2,1,23.244444444444444,0,0
188,009733,Tonye Jekiri,32,https://media-cdn.cortextech.io/1dU3kpCqReRp93/1BSdBWIjCjnONz/ab062502-8a00-4f63-9eab-e01819440e8b.png,PAR,PAR,Partizan Mozzart Bet Belgrade,https://media-cdn.incrowdsports.com/2681304e-77dd-4331-88b1-683078c0fb49.png,3,0,3,0,19.605555555555558,0,0
189,000796,Nikola Mirotic,35,https://media-cdn.cortextech.io/1dU3kpCqReRp93/1BSdBWIjCjnOS3/462f95d2-206b-4f18-ab15-75db265d6953.png,PAM,VBC,Valencia Basket,https://media-cdn.cortextech.io/1dU3kpCqReRp93/1BSdBWIjChWbHL/bc3e00b2-fea4-40be-a7ec-1e633129bde3.png,3,2,3,0,15.872222222222222,0,0
190,011286,Dwayne Bacon,31,https://media-cdn.cortextech.io/1dU3kpCqReRp93/1BSdBWIjCjnONy/849bf907-264a-4094-b7ea-00d3f048eecb.png,DUB,DUB,Dubai Basketball,https://media-cdn.incrowdsports.com/1efae090-16e2-4963-ae47-4b94f249c244.png,3,3,2,1,26.688888888888886,0,0
191,000898,Jonas Valanciunas,34,https://media-cdn.cortextech.io/1dU3kpCqReRp93/1BSdBWIjCjnOS3/45d32050-e6bf-4010-87fb-238db1c6b9ca.png,ZAL,ZAL,Zalgiris Kaunas,https://media-cdn.incrowdsports.com/0aa09358-3847-4c4e-b228-3582ee4e536d.png,3,3,1,2,22.016666666666666,0,0
191,003842,Mathias Lessort,31,https://media-cdn.cortextech.io/1dU3kpCqReRp93/1BSdBWIjCjnONz/c1a76676-300c-4059-9a26-bc18e0b35c9f.png,PAN,PAO,Panathinaikos AKTOR Athens,https://media-cdn.incrowdsports.com/e3dff28a-9ec6-4faf-9d96-ecbc68f75780.png,3,0,3,0,20.966666666666665,0,0
193,012608,Tj Shorts,29,https://media-cdn.cortextech.io/1dU3kpCqReRp93/1BSdBWIjCjnONy/9fa5bf1b-8cb1-4875-8ac7-42ec4173ec8b.png,PAM,VBC,Valencia Basket,https://media-cdn.cortextech.io/1dU3kpCqReRp93/1BSdBWIjChWbHL/bc3e00b2-fea4-40be-a7ec-1e633129bde3.png,3,3,3,0,21.349999999999998,1,0
193,014108,Aliou Diarra,25,https://media-cdn.cortextech.io/1dU3kpCqReRp93/1BSdBWIjCjnONz/622f5afe-0cda-41b3-8e86-f73efd580d9a.png,VIR,VIR,Virtus Bologna,https://media-cdn.cortextech.io/1dU3kpCqReRp93/1BSdBWIjCiezvk/a92d4c3b-9f9c-4163-8a10-bcf8fc15893e.png,3,2,1,2,23.355555555555554,1,0
195,007027,Theo Maledon,25,https://media-cdn.cortextech.io/1dU3kpCqReRp93/1BSdBWIjCjnONy/e8d4ca4d-ec7c-4c52-a066-a418b3560d55.png,MAD,RMB,Real Madrid,https://media-cdn.incrowdsports.com/371b0d9b-9250-4c09-bda7-0686cf024657.png,3,1,0,3,22.8,0,0
196,009862,Kevin Punter,33,https://media-cdn.cortextech.io/1dU3kpCqReRp93/1BSdBWIjCjnONz/675c5bac-7d19-44f6-944d-3c7373e09f3d.png,BAR,BAR,FC Barcelona,https://media-cdn.incrowdsports.com/35dfa503-e417-481f-963a-bdf6f013763e.png,3,3,2,1,24.95,0,0
197,008192,Azuolas Tubelis,24,https://media-cdn.cortextech.io/1dU3kpCqReRp93/1BSdBWIjCjnONz/0f86bd76-5ed2-47f4-b8ef-0bc5a88238d8.png,ZAL,ZAL,Zalgiris Kaunas,https://media-cdn.incrowdsports.com/0aa09358-3847-4c4e-b228-3582ee4e536d.png,3,2,1,2,26.144444444444446,1,0
198,013369,Carlik Jones,29,https://media-cdn.cortextech.io/1dU3kpCqReRp93/1BSdBWIjCjnONz/18dc2e86-95e0-4c68-a949-f6897d477f8b.png,PAR,PAR,Partizan Mozzart Bet Belgrade,https://media-cdn.incrowdsports.com/2681304e-77dd-4331-88b1-683078c0fb49.png,3,3,3,0,25.05,1,0
199,003469,Sasha Vezenkov,31,https://media-cdn.cortextech.io/1dU3kpCqReRp93/1BSdBWIjCjnONy/f65c52c5-542f-4796-8dc6-b46cc9a6f3d5.png,OLY,OLY,Olympiacos Piraeus,https://media-cdn.incrowdsports.com/789423ac-3cdf-4b89-b11c-b458aa5f59a6.png,3,3,2,1,23.42222222222222,0,0
200,009846,Elijah Bryant,31,https://media-cdn.cortextech.io/1dU3kpCqReRp93/1BSdBWIjCjnOS3/059c5027-93b7-4bad-8924-26c9e4819a84.png,HTA,HTA,Hapoel Tel Aviv,https://media-cdn.incrowdsports.com/cbb1c3ad-03d5-426a-b5ef-2832a4eee484.png,3,3,2,1,32.449999999999996,2,0
